0,1,2,3,4,5,6,7,8,9,10,11,12,13,14,15,16,17,18,19,20,21,22,23,24,25,26,27,28,29,30,31
2.63144962e-09,-1.15570496e-14,-1.22001243e-09,-2.18494418e-05,-3.35643382e-09,1.93281211e-07,-5.9362115e-12,1.29735876e-05,-3.67436067e-06,4.67352685e-15,-2.82570697e-14,-7.79918131e-06,-2.0384626e-12,1.34817949e-15,-2.59734193e-13,-1.17729581e-06,-2.83658805e-13,2.39892435e-16,-0.000229307907,-2.79291714e-10,-6.47098452e-12,-7.81150363e-07,4.28211018e-10,4.74485625e-14,-1.80519026e-11,-9.79059315e-11,2.85933372e-14,6.81358964e-11,-1.29664965e-09,-2.6997e-319,-1.89569929e-09,-1.20692256e-11
0.0042376887,-0.000322206021,-0.0107596927,0.00574763816,0.214745071,-0.278119672,-0.208188206,0.288423143,0.0067088765,0.00650822427,-0.000134304906,-0.00603239849,-0.211906625,0.28217628,0.199844773,-0.289840046,0.00808975568,0.000679681317,-0.00233217267,-0.002490116,0.218052672,-0.272775574,-0.199664603,0.283820963,0.00613844552,0.00153571247,-0.00705644004,-0.00969576375,-0.20801952,0.280170382,0.198290474,-0.280281441
1.96166904e-08,1.77492087e-10,-5.91454856e-05,-1.23883025e-12,3.36202868e-10,-1.16231474e-08,6.82415808e-09,2.48825292e-07,3.65973241e-15,-2.92927847e-14,-1.60533366e-05,-1.72933346e-12,-3.75958326e-14,4.88455473e-06,2.11651225e-14,-7.81591686e-05,1.35763046e-10,-9.6477357e-08,1.06208238e-10,-0.000713534576,-1.66531006e-12,1.08576397e-05,-0.000692238659,-1.16487497e-06,4.35932477e-07,1.32749551e-15,-8.68688584e-10,1.13576138e-09,3.98375555e-05,-3.58820172e-08,-6.43908367e-14,-2.10904577e-09
-0.0029244888,0.000736300887,0.00550444567,-0.0166115044,-0.00689918207,-0.00205293352,0.401414331,-0.336112848,-0.0106722374,-0.012130711,-0.00149750556,0.0152680587,0.00455009614,0.00297024966,-0.408925304,0.335496804,-0.00688824327,0.00710776316,0.00410920662,-0.0160994803,-0.00169860508,-0.00872559141,0.399867246,-0.337774953,-0.0118350088,-0.000131753779,-0.00168620452,0.00709788446,-0.00554162969,-0.00890227282,-0.406470915,0.329635299
-1.45512095e-12,4.09580771e-13,-2.12684052e-10,-3.01045913e-12,-3.2201876e-05,-7.54532896e-09,-4.7258701e-11,9.95064386e-16,5.30648283e-15,-1.34884969e-12,-2.43592068e-10,-1.28096487e-12,-1.30635528e-05,-3.76020333e-09,-1.16646673e-05,-1.46247359e-06,1.11761706e-12,-1.51990716e-14,-2.76743428e-08,-1.78378951e-13,2.07558974e-05,1.10806036e-05,5.6297414e-14,-1.17038959e-10,-4.64678989e-08,1.80731674e-05,1.01620123e-07,5.226524e-14,-4.52265096e-15,-0.000220553582,1.04936612e-10,-1.66279975e-10
0.01141797,-0.00939568,-0.00593296,-0.00455663,-0.00968618,-0.00441405,0.00227688,0.00827591,-0.00267002,-0.00112134,0.00429653,0.00705024,0.00391162,-0.00175722,-0.00521263,-0.00322238,-0.01189858,0.00033236,-0.14698909,0.14027481,0.01279699,-0.00660098,0.14469036,-0.13623978,0.00333069,0.00436971,0.14842893,-0.14858893,-0.00621237,0.00109105,-0.13275489,0.13750959
-2.83425018e-13,-3.24133843e-08,4.34538531e-15,-4.78545437e-08,-1.61529176e-05,-2.37434126e-14,-1.2388485e-15,-2.82254969e-06,3.69668263e-13,-4.5032068e-13,-1.34847854e-14,5.28784347e-07,-2.55189513e-15,-4.62050934e-15,3.58726614e-12,-1.08744017e-07,-8.06634863e-11,-9.47177116e-06,-1.17355927e-06,5.48379921e-10,8.77788191e-11,-4.09742847e-07,-3.03750401e-07,-9.19972829e-09,1.98488867e-15,-1.14877687e-11,-1.032503e-318,-1.1042781e-12,-1.17262672e-13,-1.08552822e-05,-6.62561564e-10,-4.3826791e-08
-0.00136951,0.00063647,0.00457551,-0.00355026,-0.00108358,-0.01445295,-0.00081514,0.00248274,-0.01008183,0.00043713,0.00274258,0.00519334,-0.00346783,-0.00289169,-0.00158846,-0.00545053,-0.05772673,0.33348645,0.04215323,-0.34025616,-0.04961794,0.33948956,0.03755959,-0.3487603,0.04828457,-0.33397054,-0.0390651,0.34498072,0.04325185,-0.34700546,-0.03669702,0.34286951
5.69551019e-14,4.28664146e-08,3.05392803e-06,6.55446941e-05,-2.74218148e-05,3.79972085e-15,-1.59828338e-10,6.03627731e-12,-1.9577128e-15,7.20255939e-16,4.05394229e-13,-3.6271303e-11,-4.80557986e-13,-3.87348779e-12,-3.20234538e-09,1.39505321e-14,1.19381612e-13,-1.70847522e-13,-1.26486021e-15,2.24359074e-07,9.89395007e-12,-4.49103945e-05,-3.07915555e-15,6.55633452e-09,3.05912613e-11,3.73764763e-15,-4.6111314e-08,8.73896501e-07,-1.23228882e-10,-4.90290238e-14,6.89248368e-11,-2.9163702e-10
3.66299806e-16,7.34107795e-09,-5.97235454e-11,-3.84116145e-07,-2.9249157e-11,-1.02678508e-08,5.66426344e-14,9.72055703e-16,1.73020487e-08,-8.31644963e-15,7.20808518e-10,2.03549386e-09,-6.19801197e-08,-1.11572678e-08,-0.000180087421,6.91070913e-05,1.56282958e-14,1.59011209e-08,8.17230298e-07,-6.30065619e-05,-5.32967258e-16,7.70346499e-07,-5.83810633e-14,-6.5329035e-16,-6.71552887e-13,1.27602373e-06,-1.72185871e-07,5.71877615e-11,3.63198281e-15,-3.60554063e-12,-4.63453768e-05,-9.90770125e-06
4.48047069e-09,5.6165748e-08,-8.63457726e-08,6.09568445e-08,3.22616047e-15,-4.66454492e-05,2.53983685e-12,3.56092276e-08,1.03597274e-12,-7.92806023e-08,-2.93779303e-15,-6.4039378e-06,8.19811728e-08,-1.68602415e-07,2.34256162e-14,4.39567047e-10,-1.38050653e-15,1.57936578e-13,3.4721331e-11,-3.03572153e-14,4.3093823e-13,-1.55965722e-10,-2.60757037e-10,-1.24258397e-06,1.40394817e-06,2.55591034e-11,0.000170581925,-8.26149352e-06,1.4158935e-14,3.08516272e-13,-6.68742204e-08,1.50956643e-06
3.88191441e-05,2.39664106e-05,7.12726799e-12,-5.23886073e-07,-3.43477657e-05,4.04986221e-05,1.07243335e-10,1.69127877e-07,2.5416633e-12,-5.00455801e-10,-3.51814779e-11,6.04276939e-14,1.21799693e-11,1.28575462e-06,-8.04170145e-17,-9.0314052e-07,-2.31947551e-14,6.27147052e-11,2.18366852e-10,9.65414636e-08,-9.84878405e-06,-8.07019108e-08,-6.70867973e-13,-1.70121007e-05,-2.91296981e-15,2.69478019e-15,-6.32497638e-06,-2.31164792e-05,-1.23704819e-11,-4.86319159e-08,-1.15699328e-14,-1.17492522e-11
-0.000190665424,0.342038315,-0.0030684533,-0.348041955,-0.00274984472,-0.00329007266,0.00708232074,-0.00743582178,0.00111661164,-0.350830977,-0.000885585933,0.353878322,0.0040702033,-0.0112304687,-0.000669022935,-0.010039578,-0.00574003189,-0.345756403,0.0110035936,0.341061056,0.0144956077,0.00417997201,0.0132831975,0.00153331757,0.00660680912,0.354966795,-0.0107452124,-0.364766303,0.000761598707,-0.00703027307,0.00160966157,0.00109148826
0.00239087354,-0.00425913403,-0.0291992365,-0.00308460738,0.0154049253,-0.00288045446,-0.0187278316,0.000284462638,0.42815961,0.0166945928,-0.402741085,0.0155303918,0.425792013,-0.0016557207,-0.405980453,0.00336502411,0.000162593345,-0.0100340475,0.0132953478,0.00188572361,0.00657446501,-0.0134031072,0.0210262473,0.0125389946,-0.426255455,-0.00710289436,0.395914009,-0.0102236408,-0.443479974,-0.0108019588,0.401474732,-0.00183758366
-0.00776998419,-0.00803417193,-0.00608437985,0.00884335398,0.000426195594,-0.0033588672,0.000537553223,-0.00916393725,-0.0127078225,0.448931305,0.0251706119,-0.452816216,0.0144910106,0.52798473,-0.0153451387,-0.537823431,0.00137327472,0.00327595662,-0.00940211993,-0.0118689585,-0.0132958181,-0.0105981102,0.0159604515,0.0181921274,0.0119885148,-0.450142989,-0.0105965443,0.457316948,-0.022706166,-0.532355145,0.00613249905,0.521322812
-0.000517325773,-0.301754612,-0.000482909799,-0.301888048,0.000983474953,0.299697955,0.00260515717,0.30015174,-0.00394729323,-0.29766389,0.0184895372,-0.299962865,-0.00041789407,0.295864429,0.00376350709,0.304803623,-0.00830736414,0.320280251,0.00211278278,0.318799644,-0.000314776113,-0.329572554,-0.00866524188,-0.329470927,-0.00950762017,0.315641665,0.00285768895,0.315715337,-0.00430079695,-0.318947272,-0.0120249444,-0.332643865
-1.20443144e-05,1.00836748e-13,2.20789912e-13,6.26879441e-15,-8.17304923e-05,-3.97572182e-10,-2.70310952e-06,-1.92488613e-13,7.22979313e-08,-1.66332988e-07,-4.15621884e-06,-3.60700867e-14,3.37252764e-10,-4.90761577e-08,-7.26304525e-10,-3.6795132e-07,6.60700981e-07,4.48831885e-05,-0.000126161471,-8.80475067e-05,1.19612617e-08,-0.000313019762,0.000145086042,1.45611352e-06,-7.30209321e-13,-5.35047579e-11,4.51344273e-05,-2.29002303e-05,1.49578828e-11,-4.90690623e-16,-1.16966776e-14,6.12817326e-06
-6.32333263e-10,1.45766722e-13,-2.77751595e-08,-0.000722483935,4.94170519e-09,-1.36036343e-13,2.97062076e-15,2.76621718e-08,2.91287762e-12,3.88121185e-11,-2.20803378e-08,-1.71529177e-08,3.93027304e-10,2.67046626e-06,3.32222156e-05,-8.69365107e-15,1.06793832e-15,6.68323266e-14,3.42532234e-16,-4.24427679e-07,-1.30264596e-10,-1.19693155e-14,-2.04435812e-14,1.67517517e-13,-2.17430147e-10,7.48596955e-16,-5.48018591e-10,1.46879163e-06,-1.87512345e-13,-6.19933935e-14,-4.15351961e-15,-2.79535512e-14
9.47224441e-14,1.44065e-318,-1.33039787e-10,1.19358072e-10,-1.32252791e-08,-2.9192586e-14,7.91318936e-10,0.000471837058,-0.000689419493,-2.20496695e-05,3.02291821e-12,-2.23853014e-14,-1.36801768e-13,-2.587952e-14,-9.29887674e-09,1.53295247e-12,3.26349498e-05,1.73043138e-11,-6.29122859e-11,3.16714264e-06,-4.33708108e-13,1.4252545e-12,2.16647513e-12,8.68066555e-13,-1.75607005e-06,3.41278359e-14,-1.11419641e-10,2.397676e-318,9.77410548e-07,-2.1252519e-08,-4.29704e-319,2.77621248e-12
-0.0104867241,0.00870433675,-0.237927036,0.231712099,0.00207825305,-0.00237960408,0.235531869,-0.237947923,0.00631795408,0.00754926601,-0.0029894508,0.0061761621,-0.00418485378,-0.00226467784,-0.00570105681,-0.013900321,-0.000636500085,-0.000907710618,0.236384549,-0.242167899,-0.00928431864,-0.000142507572,-0.244280971,0.236731729,0.00482136323,0.00740433837,0.00305478358,0.000271131235,-0.00421442676,-0.00720460162,0.00469432403,-0.0027370623
-7.47304763e-11,7.47166456e-11,5.28525564e-06,-1.93142711e-12,-0.000145182273,1.12319811e-08,1.53506716e-07,-0.000718973663,2.77119e-318,1.395404e-318,3.44910325e-08,-4.98445731e-13,-7.69355357e-13,1.17173368e-11,-0.000121631707,7.16430391e-13,1.95766887e-11,5.24343521e-06,7.33895607e-12,-1.69214482e-12,9.15860931e-16,-1.72085066e-07,1.10509176e-13,1.046164e-318,-1.21747625e-13,9.78748534e-15,1.39434823e-10,3.09088617e-15,-2.09808188e-11,3.84148445e-12,-2.72161207e-06,0.000697753746
-1.82154051e-15,5.65508203e-06,2.13441386e-08,-1.51582e-318,3.20442691e-11,-2.78379853e-12,7.42819437e-06,0.000679841354,-3.12358096e-07,-3.77376872e-15,7.44676685e-08,3.07439973e-10,-3.464705e-318,1.65458503e-15,1.68119701e-15,-7.06097833e-10,-6.37875649e-15,-1.18563951e-13,1.8056866e-07,-3.55615183e-12,-7.39609863e-05,-0.000469396394,9.08365817e-08,3.62525419e-14,-1.25522262e-11,-1.83092837e-06,-1.97619701e-16,-2.71686743e-06,1.04461728e-10,1.70846933e-13,-3.07566515e-11,-6.95497073e-14
-0.00256193,0.02044017,0.00477176,-0.0254057,0.00072889,-0.02222663,-0.0024343,0.03088795,-0.00170937,-0.01177201,0.00196272,0.01917236,0.00567909,0.02011127,-0.01236472,-0.02858391,0.00662498,0.34754483,-0.00964635,-0.34951516,-0.00888882,-0.35782484,0.01748455,0.35600409,-0.00094705,-0.33395918,-0.00203606,0.33589508,-0.003947,0.34828296,-0.00506388,-0.35273415
0.0092781,-0.01143481,-0.02806533,0.02431574,0.42206349,-0.42710567,-0.40698589,0.43805151,-0.01262388,0.01362824,0.01172115,-0.01233828,-0.41155783,0.41727864,0.40549086,-0.43570599,0.00417395,-0.00480722,-0.00276142,-0.00879725,0.00912223,0.00377181,0.0054843,0.00548369,0.00373546,-0.00539398,0.00372317,0.00329913,0.00360366,0.00455671,-0.005802,0.00090785
-0.366565757,-0.0056510175,-0.376610502,-0.0184433473,0.31495746,-0.00396478424,0.310387704,-0.00209759684,0.361893942,0.00775021472,0.377323702,0.00540877837,-0.318577943,0.00333640225,-0.319341457,-0.0058118661,0.378128949,0.0080862203,0.381718377,0.00432597224,-0.312816622,0.000376068321,-0.317711042,0.00719217137,-0.36320456,-0.0101793688,-0.375791708,-0.00894921736,0.302995333,-0.0029966471,0.317394509,-0.0065784486
-3.24226492e-07,2.12486242e-12,-1.87618194e-10,-3.30829974e-09,-4.2586208e-15,-0.00020958344,-3.46876067e-16,8.90809331e-15,3.41261247e-08,3.94534019e-07,-2.186735e-318,3.63329108e-10,-0.000120907823,-4.91481772e-15,-1.06796028e-09,-9.73021116e-16,1.79813879e-14,5.82324883e-14,-1.67701869e-11,1.67927942e-05,1.45351081e-12,8.22032532e-08,-2.84073472e-10,6.26327902e-09,8.62464107e-16,2.81574807e-05,-6.07249662e-10,-1.48538856e-08,1.51526707e-06,2.23345328e-08,-5.81752804e-15,-8.4096424e-09
0.02285018,-0.10524529,-0.09673316,-0.13651162,-0.09849805,-0.11725667,-0.18239197,-0.05111402,-0.10665836,-0.13052324,-0.1516125,-0.01300256,-0.13833748,0.01884527,0.03100626,-0.26457908,-0.06616775,-0.13060427,-0.13265806,-0.00196938,-0.14851591,0.01140417,-0.02448778,-0.3201411,-0.08649949,-0.03796959,-0.03034873,-0.26856654,-0.03574588,-0.28206674,-0.2595605,-0.13770197
3.39527905e-07,1.47654666e-08,-6.35590188e-09,9.53116613e-14,2.14236183e-08,1.20542726e-06,-6.21547633e-05,-3.1301349e-13,5.6190291e-06,-8.44187289e-14,2.93974696e-08,3.26894821e-07,-2.71755295e-12,-1.28823746e-09,-1.74274709e-09,-1.58960848e-15,1.23141267e-11,-1.59338961e-14,-3.73682944e-14,-1.57568648e-13,-2.95316051e-10,-2.29017196e-15,-2.54144163e-14,-5.14635218e-14,-9.43758206e-16,-1.07096782e-16,7.37035576e-07,3.19742644e-07,1.78892892e-15,-1.67631922e-05,7.44998975e-09,3.28900612e-10
0.00904007,-0.0021192,0.00849461,0.00639749,0.21201463,0.21019853,-0.24905911,-0.24733346,0.00219497,0.00078358,-0.00329475,-0.00104242,-0.21151859,-0.22105019,0.24793487,0.2472225,-0.01320257,-0.00739095,0.00314341,0.00696773,0.20032988,0.20014475,-0.24596661,-0.23498797,-0.00339312,0.00277323,0.00910249,0.00769374,-0.21255842,-0.20659182,0.24904129,0.25281239
0.18895502,-0.1883158,0.19465832,-0.20380277,-0.18175875,0.19997928,-0.18579852,0.19599605,-0.1687564,0.18910362,-0.16610351,0.1707988,0.16348973,-0.16294365,0.1535345,-0.16291397,0.20403193,-0.20559641,0.20747941,-0.20756977,-0.18562916,0.19714097,-0.18749261,0.18174295,-0.16466559,0.1633202,-0.18281946,0.16745245,0.15038348,-0.16103109,0.14452159,-0.16528117
-0.00643772,-0.0085722,-0.02658193,-0.02272677,-0.00722801,-0.00387588,-0.00557741,-0.00368042,-0.00744631,0.00297886,0.2990869,0.29369474,-0.00626939,0.00589885,0.30106363,0.29636847,0.01774435,0.00712661,0.02433704,0.01301145,0.01241885,-0.00136469,0.02146597,0.01090537,0.00067202,0.00194422,-0.30977948,-0.31434622,-0.00812813,-0.00809866,-0.31609315,-0.30946392
1.77273779e-09,-1.49435141e-05,2.62169181e-12,4.98821027e-14,7.41780175e-06,1.53970399e-10,-1.31347821e-07,6.70810309e-07,-1.6147191e-12,1.31450519e-10,1.39559123e-09,1.16024474e-11,1.21378006e-05,-1.789199e-10,-1.68217081e-06,-3.22267247e-13,5.55023388e-09,-4.53243834e-13,-2.56717979e-06,1.95556005e-06,1.00163449e-15,-1.4819196e-06,-7.641345e-05,1.2209704e-11,9.03582193e-07,8.19166405e-09,1.21958447e-09,-2.928268e-05,4.13369595e-06,-6.40689978e-12,-0.000362422386,2.85049947e-06
-0.00859491,0.00549274,0.01393201,-0.02426906,-0.42177684,0.41506114,0.40842414,-0.41867224,0.00952564,0.00420552,0.01549824,-0.00722479,-0.00455625,-0.01325014,0.00339896,-0.00250937,-0.00707562,-0.00245742,-0.01118332,0.00217486,0.40272501,-0.41680715,-0.40949923,0.41341735,-0.00475175,0.01283768,-0.0026603,-0.00762912,0.00615033,0.00817903,-0.01477206,-0.00541066
1.24199906e-15,-1.72445461e-15,-2.68444828e-09,-1.31811254e-09,-6.96250513e-15,8.45001176e-11,-7.3077245e-14,3.7817517e-09,-1.34699221e-06,8.58448859e-07,1.23730204e-09,0.000161431416,-4.39192833e-14,0.000348673193,2.90537798e-07,7.75593743e-07,2.87652675e-05,-2.02536956e-15,7.27768541e-05,3.50621679e-09,-7.40835095e-11,-9.2606566e-16,-1.27161305e-14,-0.000114597961,-0.000435133346,-3.93384379e-10,-1.42344265e-09,-2.84775952e-08,-5.78618985e-11,-7.74838747e-07,2.85450429e-11,4.1603411e-10
0.00297086784,-0.00348809007,0.000150597381,-0.00393423359,-0.00531999896,0.0100735162,-0.00148734566,-0.00618795058,0.00315461482,0.343600761,0.00144803204,-0.340110438,-0.00978471809,-0.348538724,-7.32065971e-05,0.337787071,-0.00379068176,-0.00583302271,-0.00986061418,0.00212295003,-0.00442658121,-0.000343803956,0.00263042572,0.0043155221,0.00158773121,0.340289325,-0.000145164151,-0.346633497,-0.00462884292,-0.339851553,0.0059777737,0.343738118
6.14135327e-14,-2.80111e-318,-8.1584397e-10,-1.78830917e-05,2.18127571e-15,5.2292227e-09,-1.50516567e-12,-1.43517389e-06,4.2348936e-14,9.4819e-319,-1.93523734e-05,-3.73145385e-16,-5.12321634e-07,9.05729395e-10,-1.0423e-319,3.64880833e-15,-3.64752146e-12,1.02784925e-09,-1.00654468e-10,0.000696493859,-3.64662173e-13,-0.000175609631,3.0992107e-15,7.89222108e-16,-3.39267681e-07,-1.81661975e-11,1.07157735e-12,6.08199369e-11,3.15185e-318,4.49714353e-09,-1.38632388e-09,-2.37176418e-14
-0.03397771,-0.03658419,-0.04140511,-0.04883988,-0.03889071,-0.05245845,-0.0541122,-0.03099102,-0.03617866,-0.04988879,-0.0386335,-0.04078954,-0.02747829,-0.03533946,-0.02053149,-0.01538407,-0.03082015,-0.03533881,-0.02886717,-0.04182448,-0.04293282,-0.01982653,-0.04792831,-0.02080438,-0.03494111,-0.03280459,-0.01501012,-0.02134163,-0.03747632,-0.02173734,-0.00911966,0.00070135
9.3104855e-10,-1.52947609e-09,1.14373281e-09,1.57803534e-06,5.31218582e-08,-1.47017335e-13,-3.20349155e-14,0.000411655096,2.53529918e-08,6.40676871e-08,-1.33492191e-15,-8.79857203e-11,2.84967545e-13,2.00386823e-06,-9.08377687e-15,1.66278689e-15,-2.57093334e-07,2.7385887e-06,-0.000465579211,3.0260607e-14,-1.02998934e-14,2.79248915e-12,-1.7593571e-10,-0.000679079147,2.1754779e-14,-7.63209587e-08,-3.33492346e-14,1.36975941e-05,-1.56096795e-12,-5.60819858e-13,2.78652364e-11,-7.84381534e-12
-0.000218941032,0.00448251563,-0.00597212573,0.00410256617,-0.287214758,-0.300674844,0.287078332,0.302336574,0.00865028044,0.00691363553,0.0111818564,0.0035139955,0.28158555,0.293638353,-0.292154954,-0.311167537,-0.0154480654,-0.0154857853,-0.000971083305,-0.0152401433,0.217477891,0.220500459,-0.205575947,-0.216627817,-0.00812792524,0.00754430305,-0.000629021999,-0.00611006296,-0.219817637,-0.223997969,0.211408197,0.216870687
-4.74717767e-13,-8.39522826e-10,-2.71372998e-14,1.74824331e-06,1.38705825e-12,-3.49519772e-15,-8.19619148e-15,0.000120887287,1.28855889e-12,-9.29629837e-16,-3.35723494e-05,1.3117657e-14,1.86185e-318,-3.88048035e-09,6.6985893e-15,5.2397176e-08,1.35673463e-14,-1.00048528e-13,-1.70213641e-14,7.35383697e-13,7.20428063e-05,-1.73522631e-09,-7.23526549e-08,-4.78367064e-05,2.75085686e-07,9.33674569e-16,-3.12834591e-11,-1.06557171e-08,-7.18014388e-07,-3.04084038e-05,3.14368203e-05,-7.3912348e-08
1.45069476e-14,-8.8635757e-07,-2.05730039e-05,3.16391981e-06,-5.56324614e-15,6.03517509e-13,3.11864614e-05,5.53188642e-08,-6.41178021e-05,-4.08084905e-13,-9.77260873e-11,5.35005068e-10,-6.81678454e-14,-5.35709073e-11,-1.24502699e-12,2.84440382e-07,6.6216047e-14,-2.58098623e-09,-2.09976126e-05,9.93360486e-15,-4.3510804e-06,-4.04481099e-13,7.51178678e-11,2.55420454e-15,3.07626669e-14,2.14622396e-09,-1.6760834e-07,1.36278026e-14,4.82929337e-11,1.40161944e-14,-7.18423934e-05,5.88158609e-08
-0.00487504,-0.00497557,-0.00383191,-0.00306768,-0.00406205,-0.00318042,-0.00212956,-0.00412052,-0.00430692,-0.00537356,-0.00290085,-0.00426227,-0.0041515,-0.00331143,-0.00311264,-0.00154476,-0.00517342,-0.00387196,-0.00428126,-0.00286257,-0.00456082,-0.00418541,-0.00425409,-0.00353046,-0.00482788,-0.00461124,-0.00353555,-0.0032135,-0.00343508,-0.00402638,-0.00348837,-0.00319741
0.03651065,0.01876984,0.0194211,0.05157106,0.02620361,0.09038576,-0.01410634,0.03213544,0.06206131,-0.02944716,-0.05608366,-0.00405263,0.07159141,0.04924571,0.13416637,0.17164262,0.11824279,0.07518387,0.05875429,0.10012114,0.03825312,0.01564381,-0.07232775,-0.04545421,0.0743724,-0.01832443,0.02629475,0.05101053,-0.01168941,-0.00687779,0.05545603,0.04026113
9.78571581e-14,6.63611832e-09,3.66651186e-12,4.36617892e-13,4.68806924e-08,-2.38351613e-14,1.61820594e-14,-6.70210139e-08,1.002866e-12,3.97945784e-06,-2.92811716e-07,-1.64339534e-08,9.15334934e-14,-5.71513924e-15,1.07197134e-15,-0.000413298922,5.12604633e-15,-1.28517776e-06,-1.71440489e-14,-6.79997495e-05,-3.75840348e-14,2.35645416e-09,-3.09743276e-07,-3.48391169e-15,-3.07320033e-11,-0.000426780195,2.16535112e-09,-2.02573559e-15,1.07876675e-08,3.13862041e-12,-2.83481692e-08,3.13688235e-14
-2.50319322e-07,-1.01210574e-15,7.80467719e-13,3.48281136e-14,-0.000168608685,-1.21170597e-11,-5.38481246e-08,-6.09303735e-14,-1.00076834e-13,1.49897852e-13,1.01428001e-07,0.000204240773,-1.70457847e-10,-1.0721435e-08,2.63345991e-10,2.09950667e-07,-1.29407595e-13,2.10958681e-11,-2.92600823e-15,-3.294697e-318,-1.00141197e-08,7.62106877e-07,2.71662061e-07,8.35939235e-15,2.24468719e-10,-2.3767551e-09,2.50464209e-06,-4.37076705e-13,1.60509134e-12,2.5821179e-15,0.000679423726,0.000614344442
-3.76737128e-14,2.55611314e-06,-1.13529045e-10,-1.58975648e-09,8.84302939e-14,-1.26751473e-06,0.000176665447,-7.38380106e-13,-1.29856833e-05,1.7409249e-07,-4.11706152e-07,-4.19963037e-05,-2.47327634e-06,-4.76901446e-12,7.25141646e-06,7.00310837e-11,-7.91531538e-05,1.15358786e-09,-2.65482966e-06,-2.37329579e-11,-9.54628438e-10,6.06406405e-09,1.50192303e-12,2.2296537e-12,2.62310138e-06,-3.56733253e-12,-3.42171619e-05,2.2462e-318,5.96950242e-17,-2.9117516e-07,1.14495403e-07,7.82219075e-13
6.82128217e-16,2.95527e-318,-1.5383232e-05,-0.000192289308,9.05290821e-06,1.04403286e-14,1.52385813e-09,4.22249975e-09,3.4975543e-05,3.65852e-318,1.0780798e-11,7.97967756e-09,9.26244804e-10,-0.000203515507,-3.49407916e-11,-1.72845873e-07,1.6704e-319,6.47418697e-10,-3.99184072e-09,-4.19653549e-07,-3.69401565e-08,-2.74614418e-12,3.32834866e-05,2.9616e-319,2.30395507e-15,8.13902699e-14,1.72800724e-05,2.61159846e-05,1.22652853e-05,-9.6171034e-12,-5.89738948e-09,-8.82651005e-06
3.64416861e-15,2.08124424e-13,-2.25540595e-15,-2.98615203e-12,-7.7225568e-08,2.16770787e-09,1.12010261e-11,1.88576e-318,3.18548908e-12,1.25561855e-14,4.70002283e-12,-0.000353824236,-7.96790357e-08,0.000335138197,1.96264961e-11,5.80289695e-09,5.085955e-10,3.03545904e-11,-4.06615337e-10,1.01685655e-11,-3.50905e-319,-6.45715978e-07,1.249324e-318,6.91742292e-13,9.0729894e-10,3.05512195e-07,3.43170357e-12,1.468773e-318,7.42643415e-06,-7.92534342e-08,-1.68185273e-06,1.25942606e-08
4.0748804e-09,-5.74525634e-16,-2.13180738e-13,1.04559965e-08,1.50476263e-12,2.38642391e-11,2.2657214e-15,-8.03319563e-07,-4.96125822e-11,9.29595367e-14,1.01613568e-06,8.57478953e-05,-5.26592719e-08,-2.31063803e-11,8.01735808e-13,2.39888362e-15,4.42170204e-05,-7.16655517e-11,-1.14359892e-09,6.16759415e-16,-7.86455279e-13,2.33885338e-09,3.68894016e-11,2.69766091e-16,-1.98812222e-10,-1.75711328e-06,7.91821404e-09,7.204359e-12,-3.29877858e-08,-2.4158973e-13,-7.36144534e-07,-2.515876e-318
8.4064412e-09,2.02142121e-14,-0.000282341112,2.24056888e-13,-6.08535962e-13,-2.54200132e-07,-1.05349875e-12,-6.68807082e-12,1.62613401e-11,-0.000243384854,-0.000102177941,-1.62434713e-13,2.62668754e-05,5.66498122e-05,1.86226073e-13,3.35199111e-11,-1.45748917e-07,-8.23433653e-06,8.84562932e-15,7.14755377e-12,-4.22331403e-12,-2.19436554e-10,4.02496292e-14,-4.90587255e-12,-5.02367395e-10,1.1632689e-14,-1.02933871e-15,-2.55727565e-05,-6.87123463e-08,-6.1205872e-08,-5.16084909e-12,1.98593064e-13
0.35779642,0.36567483,0.0734437,0.06937874,-0.36039799,-0.36894326,-0.07181664,-0.06771345,-0.36004401,-0.36476712,-0.0618565,-0.06623125,0.36024489,0.3585602,0.05714634,0.05365611,-0.00619219,-0.00125937,-0.00496894,-0.00728593,0.0014586,0.00333311,0.0065412,-0.00837146,0.00353385,0.00709067,-0.01040457,-0.00206592,0.01483031,0.00894681,-0.00610562,0.00235825
0.286199239,0.0013561387,-0.287576322,-0.000134103615,0.288950387,-0.00765698403,-0.286378997,-0.00254011333,-0.28847683,-0.00387459279,0.285475017,-0.00346430313,-0.281962542,-0.00497535618,0.278820118,-0.0150907171,-0.330258327,0.00463355353,0.332693617,-0.000567033458,-0.335426759,0.00142315476,0.330109278,0.00656714492,0.351992194,0.00369428137,-0.335139706,-0.00436360163,0.344047176,-0.00344072193,-0.334882607,1.28184167e-05
0.0129178114,0.00327087415,0.00082236524,-0.00139059915,-0.00586812176,0.00070312021,0.0175852237,0.00204052522,-0.0220463782,-0.000491526662,0.0135440229,-0.00178738895,0.0147734798,0.000264696864,-0.0174935139,-0.00806247592,0.330437927,0.00356757049,-0.336510093,-0.0123534856,-0.329076973,-0.00969340336,0.337017398,0.00812073471,-0.333646945,-0.00322835094,0.334507573,0.000396509453,0.327034836,0.00150437231,-0.33522813,-0.00211257627
-0.00462442523,-0.00495374019,-0.00301721806,-0.00722348771,0.00786583341,0.000259606351,0.0112269503,-0.00797026889,-0.000264164429,0.00542533031,0.000733861246,-0.00602593582,-0.00127249711,0.00738354431,-2.49984352e-05,-0.00672010292,-0.00347258037,0.0044925668,0.338960055,-0.350465677,-0.00385961683,-0.000756060824,-0.334289391,0.336362751,-0.00705223079,0.00188454209,0.343780765,-0.344845263,-0.00385386766,0.00233611796,-0.332264725,0.335167589
-0.000107186621,6.64565846e-11,-1.60392354e-06,-2.03257421e-15,-4.46810539e-14,-5.10712151e-13,-6.60826138e-07,2.08239199e-14,-4.02790929e-15,6.07056243e-15,-3.79969337e-11,-5.10644644e-16,2.21622598e-14,4.44029517e-13,2.84636911e-06,1.72580576e-15,-0.000703752376,-5.4236615e-16,9.85677028e-11,-3.62192001e-09,9.13203136e-16,4.44168151e-06,-4.20884566e-14,-1.49180185e-12,2.57380284e-09,-2.50033518e-12,9.73281818e-06,-9.07371411e-08,4.84859133e-05,-8.12566167e-11,0.000335719299,1.64278944e-08
-0.00442465,0.00130313,-0.00617217,-0.01097492,-0.21789596,0.22872155,0.20955311,-0.22042272,0.00661209,0.00310724,0.00680602,0.00499796,0.21387693,-0.22405102,-0.22196421,0.2119041,0.00235684,-0.00065759,0.00283961,0.00277776,0.21319847,-0.22824989,-0.21092432,0.22446534,-0.01060834,0.00499401,-0.00115466,-0.00911003,-0.23361933,0.22552793,0.207323,-0.22243461
-2.50608343e-15,-1.73430299e-15,-1.54855e-318,1.15153585e-05,1.1170201e-15,-8.96004575e-14,3.66011976e-12,-3.8244238e-12,-0.000278805809,-1.83352217e-12,2.9118571e-06,-3.38224e-318,-9.26735879e-15,8.99147893e-10,-1.57458552e-15,2.64599783e-15,-9.60043027e-14,-1.53262427e-05,4.52607437e-06,-5.50156164e-16,1.79507324e-05,6.3273e-319,-1.43697311e-09,-1.0063635e-10,1.10891031e-13,4.36375527e-15,6.2049e-319,5.57563444e-05,-0.000572724342,-2.70372229e-13,1.59661229e-13,-4.7259548e-09
-6.71904119e-05,1.43101192e-05,0.000107614557,-2.429336e-318,-7.47364761e-11,3.88397671e-10,2.83197011e-05,2.06121357e-13,1.4853278e-11,5.78472695e-12,-9.50836522e-10,-3.61725883e-09,-5.83379204e-08,1.18546812e-07,3.61659968e-06,1.32587728e-15,-1.93369134e-14,-0.000166073068,4.53391643e-09,-1.48226722e-08,1.84296742e-09,1.46209411e-13,8.48071412e-13,-3.94328913e-06,5.19287842e-06,1.87719996e-11,-9.16681749e-17,-1.12332476e-07,-3.70999615e-13,7.26133904e-16,5.62392543e-13,-1.27573702e-10
-3.96313533e-07,2.20147137e-15,-1.20705275e-16,3.20419862e-10,-9.95371028e-12,1.66323845e-07,9.05810128e-10,1.69616182e-07,-1.05763043e-09,0.00032707135,8.15938407e-12,5.76847449e-06,-5.08240472e-14,8.57036554e-08,-2.87390108e-13,-6.97517341e-14,-1.25237117e-14,5.91495149e-09,1.63065249e-07,-7.40617091e-15,-1.04472318e-09,-1.36494622e-13,2.07579143e-14,-3.99156526e-05,-2.26583915e-11,-2.4682712e-14,-7.71803416e-08,2.78508594e-10,-6.22012612e-11,8.48529271e-05,-2.59807451e-10,8.94360355e-14
0.27637287,-0.28049069,0.27894866,-0.28888807,0.28825893,-0.28657363,0.28552662,-0.2858964,-0.28631102,0.28327168,-0.28866036,0.28834463,-0.28888142,0.28085863,-0.29366013,0.27765664,-0.01524698,0.00053485,-0.01194725,-0.01244644,-0.01464804,0.00447837,-0.0061148,0.00126481,0.0041624,0.00558482,0.00587177,0.00200661,0.00677374,0.00355099,-0.00460579,-0.00156811
-5.85881555e-11,4.03142365e-06,-3.74429888e-11,2.00921519e-15,4.54356405e-15,-3.49620329e-09,3.08484125e-15,1.4415566e-12,5.44120656e-11,-1.13716547e-09,6.71717e-319,2.03187369e-11,2.55138769e-14,-5.33624897e-05,6.13322043e-09,5.14456952e-14,-1.87827505e-06,5.92798395e-13,3.13574256e-10,9.33381535e-08,-3.54588383e-08,8.53086985e-10,1.35025479e-14,-1.72433872e-05,-3.12354394e-11,-3.88868568e-12,2.61823714e-10,-9.70416465e-12,1.24711814e-10,1.45549391e-14,1.88616199e-08,5.06339897e-15
-0.295406432,0.308799924,-0.00105544541,0.00147455803,0.329347396,-0.348476742,0.00688805278,-0.00585300113,0.305139565,-0.317693833,-0.0165876167,0.0149208292,-0.323561334,0.338080694,-0.00695760839,0.00859412211,-0.005967941,-0.0118029213,-0.0102764457,-0.0183175304,0.00039004014,-0.00652353705,0.012035591,0.0206355934,0.00122784342,0.00584877585,0.00346515705,-3.74569801e-06,0.00465455639,0.011753575,0.0141227798,0.0120971158
1.44466794e-11,1.11030191e-05,-4.30832112e-06,-6.92239874e-11,5.53929824e-08,3.04192446e-15,2.10431615e-06,6.63584561e-09,4.17811751e-12,-3.52036569e-12,4.6727745e-13,-7.26863202e-10,-8.83642009e-10,0.000564245766,2.86352451e-06,-2.11383015e-15,9.45526857e-13,-9.94121328e-14,-5.05334266e-12,4.66630398e-06,-1.09808213e-07,4.49614961e-14,-1.65018887e-09,-1.53726818e-11,-2.13850931e-07,-7.65163665e-10,7.77483389e-16,2.78678782e-08,5.947905e-10,-0.000311536995,-3.30687708e-15,0.000352310645
-0.00828117883,0.182680784,0.0225411992,-0.235894615,-0.00868405461,0.188131533,0.00429460897,-0.234877811,-0.00370546795,-0.177706711,1.66351667e-05,0.238726096,0.00357037522,-0.18924803,-0.00412166777,0.239620683,-0.00857276027,0.177378171,0.00902600201,-0.232609083,-0.012421352,0.180294829,0.00332475257,-0.226543191,-0.00498931257,-0.172365876,0.0070630289,0.237195422,-0.0108802868,-0.176957299,0.012370214,0.238314798
-0.18933355,0.20026164,-0.20008818,0.20128422,-0.18482662,0.19470362,-0.19084632,0.21035732,-0.18558482,0.2041492,-0.19117276,0.21135257,-0.18926571,0.19835169,-0.19607113,0.18988303,0.20144735,-0.21844357,0.19289106,-0.2195882,0.19458091,-0.21115615,0.21241261,-0.21590761,0.20035571,-0.21810466,0.20049392,-0.22951567,0.19637432,-0.20902646,0.20728542,-0.22536912
0.02255746,0.01186403,0.01085237,0.03389773,0.01499111,0.05948131,-0.01169339,0.01888237,0.04082805,-0.02170708,-0.04084158,-0.00497098,0.04698112,0.03217945,0.08946324,0.11406237,0.07789721,0.04820129,0.03753367,0.06601433,0.02394579,0.00969654,-0.05084837,-0.03240417,0.04808755,-0.01379587,0.01590066,0.0324166,-0.00942625,-0.00701595,0.03593045,0.02539758
-0.22861397,0.2298276,0.0180808,-0.00998512,-0.2418067,0.22952973,0.00933324,-0.00849622,0.22543959,-0.2301118,0.00912861,0.0012874,0.21911519,-0.22951575,-0.00088605,-0.0148402,-0.25636224,0.23344048,0.00517201,-0.00212785,-0.2519807,0.2234926,0.01565225,0.00054002,0.23887928,-0.2205091,0.00464674,-0.00408108,0.24327803,-0.23743402,0.00080274,-0.00936607
-0.2208803,0.21689127,-0.2117593,0.2076056,0.20981516,-0.21952065,0.20919879,-0.21118085,-0.21256918,0.20929318,-0.21788406,0.22085202,0.20317896,-0.20190051,0.20042702,-0.21952623,0.20354009,-0.2159864,0.20104777,-0.2073666,-0.21123391,0.20717232,-0.19948679,0.2049116,0.1953465,-0.20203502,0.19887502,-0.1991499,-0.19796536,0.20123908,-0.18488533,0.19472521
0.00369205936,-0.00163774481,-0.00998193468,0.00782381738,0.00712785499,-0.00818622505,-9.0338435e-05,0.0100858418,0.00389316822,-0.00249833963,0.011235791,0.0140545833,-0.00532502232,-0.00906378307,-0.0166161464,-0.020674909,-0.401142835,-0.399029799,-0.034064463,-0.0250679552,0.379497729,0.390462287,0.0299420928,0.0151454366,0.388896487,0.393597187,0.0318016623,0.0195911215,-0.376548928,-0.383101744,-0.0248249255,-0.0206677113
0.03110855,0.01607388,0.01608878,0.04468737,0.02184023,0.07835583,-0.0131491,0.0270271,0.05381056,-0.0264439,-0.05016545,-0.00443656,0.06204435,0.0426302,0.11680702,0.14928291,0.10253399,0.0646861,0.05047131,0.08684408,0.03268159,0.01335849,-0.06401625,-0.04036009,0.06418884,-0.01656081,0.02226373,0.04377277,-0.01080941,-0.00690189,0.04788433,0.03447463
0.00386721,0.00191467,-0.0013062,-0.00088234,-0.01214484,-0.01307666,-0.00598261,0.00377572,-0.00474746,-0.00091159,0.01062358,-0.00073429,-0.01142134,-0.01109713,0.00254869,-0.01640875,0.27913342,-0.2899029,-0.30313789,0.31294015,0.28290198,-0.27638088,-0.30184987,0.31979204,0.28554375,-0.28095798,-0.31140651,0.31751796,0.27563977,-0.27299239,-0.30461939,0.31498467
1.41095804e-13,1.20240077e-15,4.3150136e-09,-1.90638704e-13,-1.63973453e-07,-1.43473925e-10,2.75843942e-14,-0.000173949358,-8.05477723e-09,-3.60680593e-09,-2.24337147e-09,-3.21688e-318,4.8792899e-08,-6.45428794e-14,-1.87139349e-11,-4.80039291e-11,3.42956132e-09,-6.98246351e-11,7.29952738e-10,1.14803278e-12,-4.14988408e-05,-1.99033985e-09,3.02562701e-16,-4.80130423e-12,2.05580645e-07,-2.31548078e-14,-2.38938557e-07,-0.00040999366,-4.47969382e-06,3.40329854e-13,6.55927605e-09,4.03377342e-11
0.0138429,0.00764637,0.00560414,0.0230052,0.00816103,0.04050776,-0.01023646,0.01042977,0.02767003,-0.01691217,-0.03131088,-0.00539403,0.031608,0.02155458,0.06168146,0.07836432,0.05304449,0.03160085,0.02458488,0.04504148,0.015124,0.00587374,-0.03739138,-0.02448528,0.03156847,-0.01104723,0.00933074,0.02102449,-0.00790655,-0.00723905,0.02377674,0.01621627
-0.00741247625,0.00328984698,0.00189739575,-0.00689838143,0.000575686894,-0.0032892805,0.000950062238,-0.00690498435,0.00914487404,0.00236291999,0.00138727615,-0.00539282575,-0.00227352558,0.00970249446,-0.00639989291,-0.00537592458,-0.00808102419,0.475730945,-0.00936272769,-0.489801751,-0.000284123474,-0.475696308,0.0126992921,0.498110794,-0.0110434357,0.469272814,-0.00152094601,-0.48053542,-0.00540597286,-0.47397994,0.0202382223,0.486072427
-1.01933584e-15,-2.99353337e-13,-5.25837592e-11,-1.76374561e-14,-2.81118358e-16,1.21882997e-10,-1.42311733e-08,-1.057137e-09,6.48641156e-13,-1.09602856e-09,1.92599748e-12,-0.000161026571,0.000232810454,-1.81310699e-09,4.55152819e-07,-6.0098429e-13,1.16374404e-12,5.52527665e-15,2.17606453e-15,-2.48379249e-08,4.96529497e-09,2.54351218e-08,8.13877248e-05,7.20354938e-13,-5.61708407e-12,-1.67185904e-06,2.21165658e-08,1.3797479e-11,-0.000351121037,-7.73657481e-08,-5.085602e-07,9.13502901e-06
0.00436392914,0.0030775502,-0.00885176308,-0.000112091213,0.00267446667,-0.00544009162,-0.0223751731,-0.0125195542,0.00237925798,-0.00288990033,-0.00500655023,0.00193515793,0.00590838274,0.00453675724,-0.0126565079,-0.00473758172,-0.00573462978,-0.0151946666,-0.00879586512,-0.00758931754,-0.000621329652,0.00655517966,0.0188691022,0.0193417795,0.373477328,0.374698924,-0.404976817,-0.405619378,-0.37783509,-0.377569395,0.414801018,0.412744229
-0.00109476,0.00915929,0.00356425,-0.00030584,0.00955572,-0.01441147,0.00453615,0.00737558,0.19732468,-0.20845981,-0.00268237,-0.00159038,-0.20840209,0.19745769,-0.0133951,-0.00029307,-0.01755864,0.01095156,-0.00879573,-0.01009086,0.01017286,0.00210794,0.012689,-0.00295873,-0.18358015,0.20127485,0.00112224,-0.00988228,0.19797385,-0.19057882,-0.00059189,-0.00143997
0.03432296,0.01767506,0.01806982,0.04877694,0.02443429,0.08550552,-0.01371484,0.03006928,0.05871587,-0.02823022,-0.05368373,-0.004212,0.06772156,0.04656593,0.12712824,0.16257835,0.11186844,0.07092572,0.05539079,0.09473455,0.03599177,0.01472021,-0.06896264,-0.04338603,0.07024575,-0.01760945,0.02465985,0.04807482,-0.01133109,-0.00688342,0.05238821,0.03791243
0.00661517,0.00408414,0.00142562,0.01390697,0.00271938,0.02487445,-0.0088583,0.00315429,0.01660882,-0.01296787,-0.02307984,-0.00560967,0.01856246,0.01267968,0.03833954,0.04859033,0.03230421,0.01791734,0.0138835,0.02768687,0.00773784,0.00258623,-0.02604361,-0.01806117,0.01745401,-0.00882544,0.00359594,0.01171004,-0.00626821,-0.00749691,0.01359316,0.00854234
0.000978892846,0.00235764577,0.00114938965,-0.00545525054,-0.00670548279,0.00270927848,0.00325633715,-0.000743595664,-0.431341428,0.42946418,0.441678408,-0.42371792,0.423147853,-0.428947674,-0.432619852,0.424848557,0.00894611068,-0.00207898029,-0.00403961935,-0.00162777317,-0.00541368947,-0.00876669588,-0.000121119772,-0.00448135341,-0.00906951074,-0.00449210536,-0.000214229221,0.00400204743,-0.0064954783,0.00186658528,-0.00853404702,-0.0130674054
2.30416697e-08,-2.59955657e-14,-6.2958308e-05,2.189946e-318,1.94755733e-13,2.90170256e-10,4.38882234e-13,-2.79848457e-12,2.949013e-05,-2.80732e-318,-2.94420089e-12,-1.26288971e-14,0.000439738848,5.27786223e-15,8.95037792e-07,5.48152437e-10,2.40084275e-08,-6.95341914e-05,-1.53959822e-09,5.58035001e-07,0.000733056043,0.000209570356,-1.05402232e-10,-3.31026936e-07,8.11427386e-15,6.89117196e-07,5.61033321e-10,4.54737226e-15,9.81190625e-09,1.53878827e-07,-2.83751007e-07,1.05837651e-10
-0.000455198932,-4.44824895e-16,-2.9630895e-13,-1.27364443e-12,-6.99469868e-14,-4.69563124e-12,-4.29496058e-07,-2.78836041e-11,1.93622425e-08,-6.8078333e-10,-1.63831213e-15,2.8501241e-06,-0.000708684713,1.95784825e-08,-2.83134578e-15,-1.60532065e-12,-8.63792036e-10,-2.44195358e-15,-7.92726155e-14,3.33396214e-05,0.000121153141,3.04345442e-06,1.16275397e-05,1.766e-320,4.42389361e-06,-1.67141111e-10,2.54483962e-08,-3.34088e-318,-1.86807024e-09,2.01976424e-09,2.19199403e-10,4.01373684e-07
0.00802712,0.30086073,0.01473672,0.30671169,-0.0059585,0.29268159,-0.00375121,0.29889036,-0.00320925,-0.30085772,-0.00097694,-0.2952682,-0.00153482,-0.30227164,-0.00461834,-0.30186619,-0.00594303,-0.36444963,-0.00523646,-0.36790538,0.003483,-0.36140426,-0.00424101,-0.36906165,0.00323683,0.36761595,0.00710535,0.37473006,0.00136079,0.36945862,-0.00221637,0.36571579
-0.28362143,0.00707769,0.30555784,0.0030288,0.00663879,-0.00264161,0.00032189,-0.00680058,0.29938262,-0.00268969,-0.30609738,-0.00747167,-0.01195124,-0.0017748,0.01305677,-0.00176857,0.29451871,-0.00509555,-0.3174847,-0.01952201,-0.00292998,-0.01155814,0.00840692,0.00497298,-0.30877389,-0.0023005,0.3199849,0.00070164,-0.01214627,0.02074855,0.01223223,0.02040333
-0.00422855377,0.00881497161,0.00337812807,-0.00526695951,0.00145658266,-0.00621528041,-0.00328374929,-0.00141146609,-0.00671845711,-0.00316741785,-0.00530664091,0.00156797572,-0.00889477769,-0.00173034971,-0.00174412431,-0.00978646738,-6.30528603e-05,-0.00678326065,0.000623927167,-0.0011156911,0.00657703418,-0.000496307615,0.00244161895,-0.00352400059,-0.349324922,0.35699422,-0.365672047,0.358583418,0.356079684,-0.351384471,0.350136865,-0.35029404
1.416466e-318,-8.2653547e-13,3.3966361e-15,-5.06054507e-07,2.48617468e-10,-1.00046017e-11,9.97162934e-09,3.67712e-318,5.31370328e-11,-2.35014488e-09,1.55194409e-11,-1.19744865e-05,8.99385143e-13,-2.49403046e-15,-1.66839258e-05,-2.80967677e-14,-2.91322985e-12,-0.000274172362,-1.10246104e-09,9.1401319e-15,7.85230211e-15,3.25628055e-15,2.30299863e-06,1.89300254e-06,1.62191052e-13,8.78560434e-12,-4.07360202e-12,1.17673004e-05,2.26658749e-15,-3.72367897e-13,-2.1031802e-13,-1.96733909e-06
-3.54792611e-11,-0.000332202596,4.82326299e-11,-1.5759852e-06,6.12904849e-11,-1.20559848e-13,-3.27882896e-15,1.01251436e-13,-3.80860687e-09,-2.32499192e-14,1.43094777e-06,-1.68458423e-05,-1.02489261e-14,-7.19074727e-08,-3.43178534e-07,-5.33445867e-14,-1.94187381e-14,-4.28420281e-13,9.51753423e-12,1.29351889e-07,7.65333268e-10,-3.38727756e-07,-5.01761605e-13,-3.61330497e-08,1.79131411e-11,7.3201464e-08,-3.26764733e-07,-2.87226394e-11,3.632573e-318,-1.628297e-318,-8.81871996e-10,8.15561726e-15
1.38146746e-14,1.79001069e-14,6.41172121e-07,1.8675884e-12,-1.13166623e-10,1.98775064e-05,4.86348179e-07,-2.01655217e-13,1.182304e-09,-5.85746311e-06,3.39688139e-12,6.33390468e-08,2.44324128e-07,-2.56994338e-15,4.05010424e-12,-8.56402586e-08,-5.95622958e-08,1.34929124e-08,-2.1419006e-15,-2.02723127e-06,-6.28443791e-06,-1.44033944e-05,-3.65759682e-11,-3.1620589e-10,4.155062e-14,5.57092043e-07,-8.28715419e-09,-7.38101712e-11,-2.85611916e-15,-7.21003851e-10,7.35093049e-11,-5.13706745e-17
0.000719103026,0.000782575919,0.00078168053,-0.0112544783,-0.00467522233,-0.00641062258,-0.00197301692,8.53618406e-05,0.34008874,-0.349056677,0.355264293,-0.352019343,-0.0107240393,0.00362882354,-0.000393637727,-0.00978384821,0.00631280884,-0.00468374498,-0.000171316336,0.000219553153,0.012237362,-0.0031964809,0.000762809011,0.00450015029,-0.339419396,0.342580512,-0.355783909,0.350185327,0.00146860907,0.00147197337,-0.0107591308,0.00514605836
1.3795775e-06,-8.78353357e-06,-8.51650116e-13,2.27511294e-10,1.53699067e-14,-1.13065276e-05,8.78478591e-12,6.69895985e-09,-8.58649519e-08,-6.0984249e-07,8.92933457e-11,-8.67815514e-12,5.9668845e-15,3.08323649e-15,4.33932051e-10,-2.54732367e-05,6.95157163e-11,-3.41341901e-05,1.52757089e-14,8.39771825e-10,-5.49316737e-14,8.39626964e-07,2.44486511e-05,1.86774932e-15,-3.41491911e-10,3.214386e-318,4.41584758e-10,-5.65658452e-08,-8.02738601e-06,6.23207215e-05,-4.06060323e-15,8.68814793e-05
-8.50256254e-12,-1.59139388e-07,-0.000229485355,1.9223709e-10,1.73359549e-08,1.13496525e-13,-3.40253914e-12,-1.7766566e-14,-1.47543811e-08,-5.48618977e-10,-4.67701555e-15,-1.31551322e-11,1.34071535e-05,1.7975937e-15,2.06077131e-14,-2.53063833e-07,-2.49473055e-05,3.21122451e-11,3.45670641e-10,3.03755038e-13,0.000603907313,-0.000455162621,-3.36153425e-15,5.771097e-12,1.74748426e-08,-3.17180492e-05,9.06353102e-05,-3.82901203e-05,-5.98769414e-07,-4.9394691e-10,1.23376042e-11,4.79157527e-08
0.2616692,-0.26730656,-0.27342959,0.26929047,-0.25765458,0.25972626,0.26745726,-0.26283391,-0.00289646,-0.00339258,0.01012359,0.00328713,-0.00781176,-0.01640565,-0.00994212,-0.00555015,0.25869009,-0.28773736,-0.28053181,0.26979008,-0.25713102,0.25577403,0.25837868,-0.2634016,0.00904025,-0.00582318,0.00624486,-0.00479691,-0.00782196,-0.00737585,-0.00935714,-0.01450484
-6.23640137e-14,6.30376905e-09,6.96413155e-08,9.01218486e-10,-9.39414006e-08,2.28488753e-15,-2.30978846e-12,2.03597286e-15,5.6654505e-06,-1.13965351e-09,-1.52773849e-06,-1.08419159e-13,-1.15768633e-14,2.64500218e-15,-3.98702892e-09,-1.05742e-318,-4.37457234e-14,-4.80241395e-10,-2.07171772e-05,4.44188753e-10,-5.14141602e-08,1.09978396e-11,-6.24502288e-15,-3.28870033e-07,-2.07956826e-10,-4.17926368e-15,-1.50898354e-12,1.06736422e-10,-1.32522865e-08,1.24898284e-09,-6.19590113e-05,-5.83012743e-10
2.45326948e-05,-2.24603871e-12,1.88882321e-13,2.18002663e-12,-1.95774182e-15,7.92102169e-11,-2.47449199e-13,1.23777048e-09,1.30735248e-12,1.58591192e-05,8.13763456e-14,2.61800746e-10,6.98787395e-09,-7.39648643e-10,-5.43164156e-06,-2.20675907e-13,3.18241299e-12,1.48800502e-12,1.1079279e-08,-2.24502883e-16,1.43246e-318,-4.52494345e-09,-1.12652362e-12,6.47557897e-12,-3.09005423e-15,2.15825833e-09,1.76746595e-05,1.14377994e-15,2.01825038e-09,-1.74206086e-13,-1.07482733e-07,3.48671049e-13
-0.26038458,0.26160542,0.00048633,-0.00101156,0.27674361,-0.28969807,-0.0044308,0.00107685,0.26420102,-0.25669373,-0.0019154,0.00552694,-0.2633028,0.26003109,-0.01004944,-0.0124923,-0.28623191,0.2749714,-0.00404256,0.00255499,0.27861313,-0.28099402,0.01453902,0.00411886,0.25231458,-0.23733974,0.0110588,-0.00418659,-0.26328129,0.26328598,0.0093121,-0.00187927
0.03064234,0.01584248,0.01580264,0.04409677,0.0214652,0.07732286,-0.01306814,0.026585,0.05309974,-0.02618501,-0.04965605,-0.00446749,0.06122241,0.0420587,0.11531236,0.14735722,0.10118495,0.06378473,0.04976203,0.08570327,0.03220354,0.01315987,-0.06329795,-0.03992295,0.06331158,-0.01640899,0.02191676,0.04315066,-0.01073399,-0.00690597,0.0472315,0.03397878
-0.29338336,-0.00107757,0.30233403,-0.0045947,0.31020039,0.00919099,-0.30235928,-0.01176373,-0.29999927,0.00436294,0.2968029,0.00126578,0.30129602,0.00622965,-0.30127972,-0.0098653,-0.30696321,0.01030857,0.30809976,0.0015298,0.30377193,0.00563286,-0.30412064,-0.01027423,-0.30700123,0.01005423,0.30287583,0.0079481,0.29772506,0.0059645,-0.31362993,-0.00868613
0.01310357,0.00729159,0.00516363,0.02208419,0.00759057,0.03891016,-0.01011231,0.00969992,0.02655662,-0.01650876,-0.0304981,-0.00542447,0.03029793,0.02065599,0.05932512,0.07534409,0.05094319,0.03020016,0.02349417,0.04327382,0.01437664,0.00554526,-0.03624919,-0.02382566,0.03015378,-0.01081885,0.00876362,0.02006764,-0.00776644,-0.00726489,0.02274592,0.01543713
0.0150216732,-0.0013932702,0.333064518,-0.304402901,0.000262389973,-0.000777817176,-0.344013684,0.301406542,-0.00242866848,-0.00488826092,0.0117450212,0.0026082728,0.00123985159,-0.00322183242,-0.0192473575,-0.00822741828,-0.00975054114,0.000385151237,-0.342260256,0.294241351,0.0103455196,-0.00574459931,0.352949914,-0.295219139,0.00379886851,0.00455520392,-0.0068958747,-0.00918141005,0.00076504772,0.00812203968,0.00695728463,0.0157107614
-0.00058775,0.00074773,0.00142559,-0.00092645,-0.02644118,0.0152794,-0.0150728,0.01163893,-0.00240268,0.01282915,0.00451957,0.00192625,0.49198101,-0.49644827,0.49517764,-0.51454908,0.00153476,-0.00543613,-0.00638115,0.00878686,0.02177092,-0.02222514,0.00883923,-0.00309474,-0.00312111,-0.00612249,-0.00620013,0.00745751,-0.4899597,0.49949588,-0.49701799,0.49414831
-0.00029138,-0.00933747,-0.01162101,0.0034411,0.00372719,-0.00405704,-0.00309798,0.01012464,0.25551191,-0.26277279,0.26537065,-0.26312494,-0.26071074,0.25849998,-0.26892285,0.26007666,-0.01688978,0.00919016,-0.01386299,-0.00047607,0.00235318,0.00347217,0.00482139,0.02246431,0.24914528,-0.24956239,0.2555649,-0.24603127,-0.26694456,0.25858854,-0.25398614,0.25592478
-0.00287107,0.00137165,0.30596496,-0.34476675,0.00152062,-0.00254227,-0.31329742,0.35916877,0.01084421,0.01203043,-0.31651013,0.35887241,-0.00120201,-0.00764943,0.31269514,-0.36935837,0.00576707,0.00151901,-0.00850992,-0.00851665,0.01163176,-0.00446647,0.01769557,0.00638478,-0.00069549,-0.00607999,0.0107321,0.00247757,0.00520753,0.01787183,-0.01238741,0.00150435
0.338869313,-0.35641585,-0.367846955,0.36274314,0.0123716049,-0.00688466595,-0.00934056036,0.000200867047,0.358777303,-0.351825645,-0.362804607,0.367649933,0.00482094341,0.00240785197,-0.0159545367,-0.0105707069,-0.360007529,0.348155311,0.351673324,-0.34958482,0.00560490547,-0.00223222599,0.000175655166,-0.00195960414,-0.354223398,0.349263862,0.365962247,-0.362347599,0.0051459746,-0.0133618916,0.00127666865,-0.00766584771
-4.02712072e-05,2.66430035e-12,2.04129845e-08,5.75678181e-11,1.4354893e-06,2.01648609e-11,2.80647583e-14,-4.17791112e-15,7.23939185e-12,-7.07569998e-16,3.6517183e-08,1.08994221e-12,3.45525999e-11,2.88753556e-06,-1.49351674e-12,3.48368948e-09,2.48750166e-13,6.88518931e-05,-1.44018256e-13,2.95758e-318,-4.21769286e-10,7.15736406e-12,1.24885e-319,-5.09629563e-12,7.35394139e-07,1.62248669e-15,4.37367e-319,1.27335533e-11,1.57545919e-12,-6.72543168e-14,-5.73243678e-05,9.21159171e-12
0.00323922781,0.0101362654,0.0188763364,-0.0108996014,-0.00827115597,0.000882342943,0.00524236098,0.00679441987,0.37857298,0.387059202,-0.00451817954,-0.00788511998,-0.394600791,-0.392283193,0.00280454191,-0.00554517403,0.00228939757,-0.00303545298,-0.00652622559,-0.0103604194,0.00176317522,-0.00233787101,2.43404364e-06,0.00458257953,-0.370373808,-0.384489121,-0.00127646031,0.00213052609,0.375126219,0.378974181,-0.008616604,-0.00492627729
0.00256128122,0.0233816884,0.0110404663,0.538455073,-0.00212790981,-0.0108204639,-0.00563381976,-0.526897827,-0.00383169811,-0.00769216597,0.00238326222,-0.528606669,-0.00525754895,0.00382353304,-0.00586681571,0.512908154,0.000953086871,-0.0120936782,-0.0166073506,-0.537363623,-0.0124583018,0.0103705736,0.00376200944,0.526675603,0.00814960874,0.0061199542,-0.00291666481,0.525208939,-0.00388620905,-0.00403713149,0.000165042678,-0.514444999
8.93053686e-08,3.19649674e-10,8.74621838e-14,-0.000297920574,7.77924879e-15,-0.000317973767,-2.91728e-318,1.23070378e-14,3.71612817e-10,3.31664575e-14,-7.73589969e-06,-0.00067803539,-4.5166594e-15,1.43553285e-10,-1.53925167e-07,8.12919404e-15,-2.5296498e-10,-2.00227926e-07,-2.93871263e-13,1.36457445e-15,9.85435511e-12,-9.23617008e-11,-2.70037241e-14,2.00647413e-09,-9.25507117e-05,2.32779663e-12,-8.19855054e-10,-1.006585e-318,2.74971172e-14,-7.16521576e-15,-6.10211662e-10,5.58225339e-12
-2.05479504e-310,-1.48635712e-312,-2.40194334e-311,4.99858299e-311,-1.58246645e-312,-1.30508679e-309,-7.45004245e-313,-7.6098501e-312,-3.38780069e-310,-2.62427618e-310,-1.54717995e-313,1.66844545e-307,-1.87087868e-311,-3.18309733e-312,2.31896375e-309,-9.57562225e-311,4.48893797e-311,-1.56040458e-312,-1.03802067e-310,6.47378775e-308,3.75086756e-312,-4.68912003e-313,7.86562647e-312,1.98050556e-310,-8.6548203e-311,7.75313232e-310,-1.00973469e-312,-5.4918351e-306,-6.60200144e-311,-8.85186837e-307,-8.10401787e-313,-2.59887547e-311
-0.00376774294,-0.459010142,-0.00232144773,-0.0373624144,-0.00532084429,0.461165173,0.00283842124,0.0217371823,-0.00789041458,0.463489691,0.0129389259,0.0223655624,-0.00311314466,-0.462994178,-0.00932367548,-0.0319284318,0.00597097908,0.430055485,-0.00636162425,0.00334626325,0.000338371512,-0.431407514,0.00835897035,0.0167357174,-0.0115745242,-0.429271151,0.00513695521,-0.00411752695,-0.0106679887,0.426804612,-0.0144472938,-0.00519649835
6.10987051e-13,1.4768531e-14,-1.15220544e-08,2.48536877e-14,1.47227057e-13,-8.58128958e-15,-8.37753505e-06,4.05047104e-05,1.875437e-09,0.000254562472,-9.90808316e-14,-1.45998756e-12,7.86409566e-15,-3.79454218e-05,5.94550316e-16,-3.54922118e-09,-1.50821798e-12,6.00463261e-11,-9.2999187e-13,1.36468432e-12,-8.08995976e-13,-1.04731791e-11,2.71117518e-15,-3.50724791e-10,-1.02565519e-13,-1.32583835e-11,1.65240079e-10,-3.41652528e-07,-8.00940975e-08,-9.76798592e-09,1.58407965e-08,7.25957885e-07
0.267128556,0.257238779,-0.338389472,-0.343171581,-0.268758375,-0.280476721,0.346769413,0.350215187,-0.00393166842,0.00369515148,0.00989249773,0.00904254761,-0.00347436408,-0.00649184104,-0.00126860827,-0.0144828136,-0.267716292,-0.289320931,0.350358048,0.337636818,0.285548451,0.275568487,-0.346039682,-0.356765561,0.00548948743,0.00267906188,5.99453501e-05,-0.00266562514,-0.00313904526,-0.00363809835,-0.0199504864,-0.0122311719
0.31334897,-0.31058707,-0.35524538,0.34114857,0.00462113,-0.00280337,0.00336228,0.00960795,-0.29888943,0.2993802,0.34188723,-0.33317311,-0.00814147,-0.0140453,-0.00681807,-0.01755558,0.30949498,-0.31299891,-0.34793171,0.33667486,0.00923619,0.00220361,-0.00225489,0.00566084,-0.29923985,0.29207481,0.34396722,-0.33521106,-0.00681629,-0.00895173,-0.00612282,-0.00964521
-0.000319330883,-3.06913584e-10,-3.69128725e-11,8.89119406e-13,1.65372297e-11,9.07928044e-05,1.82915276e-12,0.000548838765,-0.000641612982,5.56520849e-15,9.52654415e-05,-1.49324093e-14,1.44515751e-05,6.83819781e-08,8.54533908e-10,-1.45217749e-05,-2.75208559e-15,9.94520105e-11,-2.13639789e-12,1.100806e-15,-3.60595526e-05,4.47292678e-14,4.55881031e-15,-8.49816512e-10,-3.2054947e-08,2.95393259e-10,-4.48870554e-13,1.70605365e-06,-5.78136166e-15,1.16945033e-05,1.16760006e-08,-8.84011867e-15
0.0147873,0.00810169,0.00616581,0.02418381,0.00888972,0.0425514,-0.01039742,0.01135835,0.02909671,-0.01742985,-0.03235248,-0.00535567,0.03328213,0.02270637,0.0646968,0.08222947,0.05573195,0.03339033,0.02597888,0.04730423,0.01607886,0.00629397,-0.03885469,-0.02533257,0.03337349,-0.01134078,0.01005373,0.02224895,-0.00808517,-0.00720949,0.02509498,0.01721065
0.03816486,0.01959991,0.02044304,0.05368688,0.02754241,0.09407892,-0.014405,0.03369605,0.06459503,-0.03036779,-0.05790033,-0.00393012,0.07451884,0.05127427,0.13949379,0.1785031,0.12306988,0.07840537,0.06130122,0.1041998,0.03996541,0.01634165,-0.07487266,-0.04702148,0.0774932,-0.01886562,0.02753278,0.05323293,-0.01196207,-0.00687605,0.05777689,0.04203818
-1.60095628e-05,-7.84870612e-12,-6.9844067e-11,4.51098454e-08,-6.25014746e-10,4.10263595e-15,7.99006931e-07,-8.87655863e-09,-3.13046024e-14,4.00618577e-13,1.18122071e-09,-1.50085086e-12,-8.43785079e-06,-2.58811981e-11,1.35489979e-06,-5.25349952e-11,-1.30090734e-07,6.93980094e-11,4.2094834e-15,1.03162411e-07,1.45115919e-12,-1.78832689e-16,-9.24045153e-08,-3.99146555e-09,4.08087577e-10,5.95292111e-14,1.1529872e-11,1.13966681e-07,2.18240403e-10,0.000213039238,-2.20638364e-08,2.90644e-318
-0.0111009,0.00766122,-0.00331748,-0.00950596,-0.24350745,0.29358506,0.24304264,-0.30149726,-0.00569837,0.00060779,-0.0009442,0.00189547,-0.23895166,0.29505579,0.24724948,-0.29927093,-0.00311969,0.00081439,-0.00248716,-0.01003077,-0.24661603,0.29289792,0.24047049,-0.29857528,-0.00246883,0.00140888,0.00125269,-0.009824,-0.24269034,0.29935093,0.24317076,-0.30044054
-0.00677275,0.00741761,0.00276609,0.00978541,0.02590365,-0.01738889,0.02520338,-0.01742333,-0.00923572,0.00241488,-0.00519043,-0.00503831,-0.03309038,0.01289739,-0.01953034,0.00441674,-0.01011334,0.00218505,-0.00713701,-0.00157377,-0.44714908,0.43098139,-0.42389018,0.42503093,0.01906864,-0.0090268,0.00712663,-0.00873925,0.4267882,-0.42980712,0.42020981,-0.4239679
-0.00269197751,0.0148251692,3.6088091e-05,-0.00264574648,0.00250908695,-0.00335771289,-0.00508504707,0.000775838275,-0.000568143391,0.0120515166,0.00884529912,0.00891044658,0.00167789598,-0.00548884668,-0.00897781906,-0.0123869688,0.00621015845,-0.0119846025,-0.00331881528,-0.00338369952,-0.00486217146,-0.000561808075,0.00332920796,0.0136266187,0.412222492,-0.412086829,-0.414291191,0.411714303,-0.411934025,0.417012278,0.411698016,-0.410495034
-0.08722991,-0.08773839,-0.12755837,-0.16889653,-0.11302025,-0.13091597,-0.14602083,-0.08803489,-0.11274961,-0.14298214,-0.13031686,-0.12254352,-0.11641465,-0.08412302,-0.08614768,-0.05330423,-0.09696156,-0.11144454,-0.09619394,-0.07905108,-0.11445534,-0.0721767,-0.13249293,-0.06637834,-0.1103517,-0.07595554,-0.05849799,-0.08147518,-0.07307413,-0.07622181,-0.0570841,0.01208921
0.000816226873,0.285461345,0.00100471744,-0.29423627,-0.000248449882,0.309780711,0.00150402733,-0.314341375,0.00738171189,-0.276382751,0.00508595608,0.275571593,0.00920658565,-0.292742632,-7.88162552e-05,0.29245826,0.0038355897,-0.274242397,-0.000536006217,0.285459274,0.00851435489,-0.292202603,0.00122937669,0.300204653,0.000708233462,0.286886443,-0.00503940197,-0.292225018,-0.00263223287,0.290093806,2.86709444e-05,-0.29016888
-0.00651078812,0.0101335834,0.259728123,-0.329133095,0.00586686024,-0.00383385729,-0.249575504,0.333708958,0.00689219832,0.0099372096,-0.262027555,0.328764967,0.00212523793,-0.0025741009,0.250237906,-0.336753302,0.00784542676,0.000207019863,0.273730024,-0.338488518,0.00568687652,-0.00146428654,-0.249435488,0.327268336,0.00936230243,-0.00151624193,-0.268845809,0.325236581,-0.000197422261,0.0102787183,0.24852357,-0.325010184
-6.62140499e-09,8.3745917e-06,3.13210991e-14,-1.78575911e-06,2.84412742e-12,0.000120175159,1.10471045e-15,1.39118167e-09,-4.09463453e-15,3.137213e-318,1.29125218e-09,-1.16984154e-10,-6.81601072e-09,-3.67743969e-07,-2.17735873e-08,5.65073254e-09,0.000613208637,-3.14731263e-08,2.95336252e-10,-6.48783642e-12,-5.35013755e-15,8.54216494e-05,-3.616175e-318,-3.29123816e-16,7.17665e-319,-3.15598607e-09,-9.22737628e-16,-1.27084873e-10,-2.48995921e-12,-3.55925413e-10,-7.06292676e-09,1.54590666e-09
0.00404534,-0.2106052,-0.005408,0.22034494,0.01142365,-0.23404375,-0.00841561,0.23375849,-0.00078615,-0.21894195,-0.01034358,0.22429996,-0.00374024,-0.21248006,-0.00840636,0.21801472,-0.0014893,0.23858627,-0.00478064,-0.26117729,0.00588228,0.26111288,-0.00196019,-0.2660945,0.00149271,0.24909518,-0.00130357,-0.25806555,0.01690114,0.25508478,-0.01641748,-0.26235836
-1.65226859e-12,6.20401187e-07,1.15301987e-11,1.96801049e-13,-1.21750212e-14,-5.85425812e-05,5.32514161e-13,3.20505831e-15,4.0537539e-11,-2.03506309e-14,-4.32497095e-14,1.72440644e-06,9.73342913e-13,3.66009612e-12,-5.00117576e-12,6.72288666e-15,-3.98255618e-15,3.45842708e-08,2.88084245e-16,2.75937302e-15,-1.59015665e-14,2.70135356e-11,-3.36857034e-05,-5.34228073e-12,-6.4392096e-12,3.22188705e-15,-4.15037217e-05,7.21230339e-05,8.30245746e-05,8.77947502e-05,-1.00844792e-10,-2.25204719e-09
-0.04897,-0.06335419,-0.07079404,-0.09248625,-0.06804151,-0.07179673,-0.09309109,-0.05536814,-0.06393006,-0.08554463,-0.07856773,-0.07157315,-0.05711209,-0.05725164,-0.03933273,-0.03312044,-0.05391497,-0.07705653,-0.04416888,-0.05439902,-0.05670884,-0.03861024,-0.07331718,-0.03407232,-0.05839005,-0.04420971,-0.03127921,-0.04492192,-0.04679774,-0.03793611,-0.03134484,0.00686411
2.17845745e-13,-1.47490891e-06,-1.48671569e-11,-6.8562481e-16,-1.06712201e-11,2.99798512e-09,-3.107036e-318,-1.80265971e-14,9.05737626e-07,1.05516043e-15,6.85842789e-08,-1.45862492e-09,6.40082176e-14,-8.62195634e-13,-4.23283277e-13,-1.58964533e-14,4.61026201e-07,3.67471155e-14,1.41579999e-17,-3.02569414e-08,-7.80033206e-13,6.66334907e-11,0.000235023743,2.08881852e-14,-1.87634192e-16,-7.53132273e-05,-2.58450284e-05,3.66818669e-12,5.40239351e-05,-0.000487550214,1.81375702e-14,5.16732439e-11
0.00479635,0.00311967,0.00043172,0.01156091,0.00138721,0.02089542,-0.00841985,0.00126743,0.01373395,-0.01198208,-0.02086881,-0.00564348,0.01515623,0.01041154,0.03231469,0.0409598,0.02694982,0.01444158,0.01113842,0.02326304,0.00582145,0.00173235,-0.02310512,-0.01643826,0.01376218,-0.00826881,0.00206536,0.0093669,-0.00573378,-0.00756512,0.01097113,0.00656726
-0.343352621,0.0043961738,-0.00842992939,-0.000103509444,0.343551838,-0.0020367264,0.00224588355,-0.0045579351,-0.342365158,0.00387005735,0.00997260505,0.0209775225,0.333466506,-4.00075038e-05,-0.00817093104,-0.00269395881,0.346286131,-0.0136397418,0.00448530484,-0.00558554031,-0.368948928,-0.00779940538,-0.00048008838,0.00134695835,0.336211247,-0.0108436297,0.00507161224,0.0121244058,-0.350801639,-0.000732352001,0.00952127717,-0.00680125991
-0.05535565,-0.0592095,-0.06921521,-0.07882027,-0.06229767,-0.07194822,-0.08041204,-0.04933167,-0.05570515,-0.07487982,-0.06395885,-0.06442654,-0.05203745,-0.04344643,-0.04002167,-0.02471105,-0.05898072,-0.06742473,-0.03819069,-0.05022766,-0.048385,-0.03662691,-0.07296602,-0.02845511,-0.05367665,-0.03525506,-0.02543117,-0.03444491,-0.03994884,-0.03375399,-0.01741296,0.00614223
0.00024541,0.00022241,-0.00175535,0.00536795,-0.00194004,0.0105526,-0.00675985,-0.00339327,0.00605941,-0.00948449,-0.01469232,-0.00571953,0.00612881,0.00456243,0.0165909,0.02119587,0.01284903,0.00548897,0.00400218,0.0118275,0.00075942,-0.00048273,-0.0153503,-0.01209256,0.00403748,-0.00685312,-0.00200019,0.00343171,-0.00399891,-0.00762262,0.0041371,0.00140619
-0.00170245,0.00505074,0.00683869,-0.00821943,-0.07559223,-0.07964345,0.07467603,0.07172747,-0.01321153,-0.00117801,0.00092453,0.00174792,0.07380504,0.07987701,-0.07771097,-0.07990099,0.00518937,0.01145933,-0.01718438,-0.007966,-0.44635545,-0.4480994,0.44689032,0.44224,0.00656659,0.00143542,-0.00433134,0.00323962,0.43908833,0.44791598,-0.44221184,-0.44433183
7.99609645e-10,-1.18314417e-13,-1.56470576e-10,-1.96161937e-11,0.000156110493,-3.71764933e-12,-1.34013619e-12,7.08565832e-09,-2.49400031e-12,-1.95195742e-06,-9.16347275e-07,-6.29538856e-16,2.11732256e-12,9.89861251e-10,-2.767983e-318,-6.17846901e-07,2.90333669e-10,8.43067888e-10,2.05502738e-12,2.2794008e-14,-1.66037705e-05,6.9380946e-10,-2.45032002e-12,5.98993187e-08,1.44555019e-10,-7.26278624e-13,2.2949018e-08,4.08490194e-11,1.06629532e-08,-2.85262572e-15,4.27033364e-16,8.73769013e-09
0.007848785,0.00553466522,-0.0114262153,0.0113826826,0.00799654916,-0.00474383871,0.0019756091,-0.00299240458,0.00662091618,0.00350163971,0.00284768394,-0.00227819882,-0.0105443098,-0.0114362534,4.21556161e-05,-0.0117485672,-0.0065320509,0.00386582346,-0.457043251,0.438566045,-0.000309305084,0.000202488413,-0.43008847,0.440534079,0.0189400707,-0.00931534375,0.456048979,-0.454693316,0.00558628445,-0.0119291078,0.44756716,-0.447652329
0.03122425,0.0161313,0.01615943,0.04483343,0.02193305,0.07861125,-0.0131691,0.02713687,0.05398723,-0.02650816,-0.05029179,-0.0044292,0.06224796,0.04277255,0.11717779,0.1497607,0.10286798,0.06490883,0.05064637,0.08712666,0.03279979,0.01340806,-0.06419487,-0.04046842,0.06440612,-0.0165985,0.02234978,0.04392688,-0.01082816,-0.00690071,0.04804635,0.03459686
9.82765693e-14,1.14295e-318,3.34286757e-15,1.34209812e-14,-1.41913e-318,-1.0624788e-08,6.3503278e-14,-3.56022069e-13,4.0862236e-09,-6.16662012e-15,2.93716697e-16,-2.00707131e-06,3.17254113e-14,-1.24503441e-05,-4.33420948e-12,5.44812882e-15,-1.08203336e-15,0.000335556337,6.18091016e-17,-5.30008836e-12,-6.82991741e-11,0.000481053865,-7.01107769e-09,-1.6131792e-12,-1.11605236e-05,3.40422142e-11,-2.21907206e-11,3.73296022e-14,-1.88601419e-06,-3.21449156e-11,1.54057675e-07,-5.12181137e-12
-1.92281e-318,1.014114e-318,2.47602542e-15,-2.96659345e-06,0.000696801223,2.79804529e-15,2.81520698e-15,-1.75415104e-13,9.40230868e-15,3.37249011e-10,1.09761617e-08,8.36406182e-09,1.61121764e-13,-0.000122573079,-1.36468e-318,1.45131279e-07,-4.19745461e-15,5.01461217e-11,-3.62489185e-06,-1.34933465e-13,-4.05435594e-06,1.50503995e-06,-6.47920243e-12,1.32399326e-06,-3.70768755e-11,-2.50714359e-12,2.50170867e-09,-1.02798816e-14,-6.10486121e-09,-1.28363195e-14,1.20191001e-12,-7.90813237e-08
-0.30714232,-0.30805164,0.3704604,0.36352358,0.31649987,0.3087856,-0.38244193,-0.38549934,0.31102215,0.3117067,-0.38214655,-0.381095,-0.32435913,-0.3219097,0.37893131,0.38026649,-0.0053831,0.00075199,-0.00623312,0.00376395,0.00289579,-0.00575347,-0.00929517,0.00204455,-0.00473936,0.00243344,-0.00320101,0.0006216,0.00368823,0.01386807,0.00808936,0.01038239
-2.25610356e-12,-8.40948368e-15,-9.09502859e-12,3.6832113e-16,1.05325055e-14,-6.17381331e-09,-1.17795358e-16,-3.08323546e-08,-2.50487218e-15,-2.01179522e-15,-5.11323156e-13,-7.13521784e-07,1.26707675e-06,2.74555838e-12,-3.77215409e-11,4.35199075e-16,-1.73478335e-08,2.4915e-319,2.01233732e-07,-8.6451253e-09,6.8096e-319,3.08474406e-07,1.12839326e-06,5.79395808e-15,6.50190881e-07,-2.2790747e-14,6.92315226e-15,2.41127919e-15,3.89756044e-12,-7.24925254e-14,3.8363267e-16,6.42057318e-09
0.000111160377,-7.06214548e-08,-8.28058683e-15,5.89840281e-11,1.14219175e-16,-5.29911419e-07,3.03345633e-16,3.85023464e-15,5.11046357e-14,1.02194353e-10,-6.76442427e-11,4.69035336e-10,2.32694432e-14,-6.99623921e-11,-0.00012729238,-2.40062391e-14,-4.86135812e-10,-4.89516176e-14,1.40821569e-08,0.000149112964,1.94924853e-11,-2.5051356e-07,3.84500511e-10,-4.21640439e-09,-7.18612478e-06,7.12034601e-13,-2.12615021e-16,0.000112729728,3.86915066e-15,-3.82376416e-09,-5.09095532e-16,-2.97152752e-15
-0.07694543,-0.08299688,-0.1029185,-0.12491467,-0.09883859,-0.10154038,-0.10905677,-0.06588853,-0.09117716,-0.11957835,-0.10793048,-0.09731619,-0.07879666,-0.07894027,-0.06295778,-0.04587996,-0.07892616,-0.09890106,-0.08358683,-0.0792596,-0.09285156,-0.05276279,-0.10773196,-0.04957751,-0.09883962,-0.0607262,-0.04235273,-0.05645191,-0.05024616,-0.06780428,-0.04012441,0.00454929
-0.2361926,0.24575326,-0.00322766,0.00537577,0.2713407,-0.28290103,0.01250497,-0.00159772,0.23862018,-0.24967327,-0.00379554,0.00921957,-0.26892876,0.27611156,-0.01014803,0.00274033,0.24382312,-0.25093318,-0.00043256,-0.01878395,-0.26332753,0.27584075,-0.001019,0.00948886,-0.23203497,0.24838719,0.00341833,0.00189872,0.26411109,-0.2659056,0.01123053,0.00646124
0.27184233,0.27523961,-0.28260344,-0.27666492,0.0016049,0.00285477,0.00922272,0.01124018,-0.27792399,-0.27695575,0.29672045,0.2962971,0.0006944,-0.01122066,-0.01528334,-0.01764229,0.2825933,0.2741986,-0.28252669,-0.28454948,-0.00581056,-0.00499754,0.01076641,-0.0011538,-0.28048527,-0.27830335,0.29234998,0.2887412,0.00104056,0.00106599,-0.00413947,-0.01377388
-8.21817881e-10,-2.57513138e-10,-1.36940045e-14,4.04066773e-11,-3.41050619e-14,1.12972482e-13,1.25579258e-06,3.404186e-318,7.55203654e-08,2.68291493e-12,2.792415e-318,-5.05391939e-10,1.5447622e-07,5.0497679e-07,-1.30751664e-06,1.17675665e-15,6.11788486e-08,-1.18440104e-09,3.96780156e-16,0.000681379605,8.9195025e-16,-2.58180141e-15,1.37691761e-09,6.71315524e-13,-4.82648887e-08,8.41356113e-14,-8.87872793e-16,-1.086885e-318,-2.03073564e-13,3.34477689e-10,1.04292162e-10,1.01287567e-15
0.00415006,0.14279069,-0.00569234,-0.1352325,0.00927201,-0.16835454,0.00068824,0.15123451,-0.00241641,-0.14479769,0.00198095,0.15116696,0.00202498,0.14882342,-0.00102566,-0.15835345,-0.00705085,-0.14688951,0.0009447,0.13247395,0.00744285,0.15358243,0.0070961,-0.14773426,0.0060801,0.1523088,0.00418355,-0.15220086,-0.00245776,-0.15719947,0.00103256,0.15668454
1.51867405e-13,1.66195897e-07,2.85915001e-17,9.60720102e-05,1.38095556e-15,1.00505226e-13,1.55485262e-09,1.35450978e-08,9.0196866e-05,-1.03817196e-14,-2.26824543e-09,-1.80282346e-11,2.12374852e-05,-2.55623226e-11,-6.25524076e-15,-7.9312903e-13,7.61625426e-13,-8.27331583e-15,-7.04504923e-15,4.13209197e-11,3.26126864e-14,7.05416728e-10,6.78728768e-08,6.27190591e-16,1.11170992e-10,2.5842967e-06,4.52286097e-08,5.2286218e-05,4.53885087e-08,-2.06836157e-14,-5.21533218e-05,2.50655637e-08
0.000246538606,1.17707075e-09,-1.0809693e-13,-3.29896e-318,9.847e-320,3.72764816e-14,5.68104964e-10,7.96715228e-17,3.69433203e-11,5.26805917e-16,-6.87409603e-11,8.82632077e-15,-3.34053075e-10,2.68570789e-09,-9.71981737e-10,-2.28351611e-16,-2.764337e-318,3.52638691e-09,-9.60189829e-13,-6.9274516e-16,2.4097e-318,9.52523379e-06,-1.01249352e-14,9.24029114e-11,7.70217673e-09,4.16109548e-10,-1.80017692e-09,4.27983249e-06,-1.95423661e-14,2.19155243e-06,1.82136056e-05,-1.29736249e-09
0.404315887,-0.414448745,-0.000908253254,5.71544513e-05,0.0174414839,-0.0270080694,0.0033951715,-0.00411184651,-0.405951701,0.403874706,0.00666451241,-0.00373564989,-0.02164214,0.00884307313,-0.0227434819,-0.0215565416,-0.490210411,0.477761296,-0.0288009578,0.0130499389,-0.0800922901,0.0585242259,0.0050691189,-0.00407716625,0.479658616,-0.452193883,0.00515386276,-0.0123243381,0.0834881714,-0.0559892712,-0.0108421374,-0.00890280694
-0.00157319,0.01075865,-0.00276895,0.00730397,0.00930313,-0.00635416,-0.0085055,-0.00215784,-0.00812578,0.00314656,-0.00459318,0.00688943,0.00446668,0.0035066,-0.00579101,0.00441425,0.0033673,-0.01639582,-0.01325121,-0.00940126,-0.23685355,0.21872938,0.23341596,-0.2233366,0.00070587,-0.00272422,-0.00073926,-0.00368275,-0.23514228,0.23101081,0.23371915,-0.22231215
4.12228179e-11,1.49631122e-15,0.000426856751,-7.78402348e-13,5.05335333e-15,-3.81772277e-15,-4.12991663e-15,2.2172933e-07,3.45301086e-12,-1.58004815e-14,4.68481862e-06,2.64351172e-14,-1.41846951e-09,0.000194134025,-3.98136813e-05,-5.88562126e-12,7.46393709e-15,1.49568227e-15,-1.537965e-11,3.27467484e-10,1.17138756e-06,-5.68712741e-08,2.13882864e-14,-8.86916582e-13,2.78537706e-09,1.17175075e-14,4.67698591e-05,3.02799056e-08,5.63689607e-10,-0.000200956646,0.000453874448,-6.73291858e-14
0.07711697,-0.07137566,0.07066573,-0.07907959,-0.38267527,0.38064784,-0.38097547,0.38022362,-0.00150665,0.00243249,0.00581221,0.00337849,0.00206178,-0.00057267,-0.00404825,0.00319407,-0.07775084,0.07484862,-0.07467258,0.0683529,0.39053614,-0.38746215,0.38447034,-0.37509737,-0.00827769,-0.00123836,-0.0050359,-0.00394527,-0.00337305,0.00449909,-0.00046732,-0.00608967
0.00923730449,-0.000173914622,-0.0492007749,-0.0517225264,0.0031963401,0.0131101329,-0.335691589,-0.34083582,0.00302050033,-0.00180980546,0.0430964553,0.0402546206,0.00279252018,-0.00204784605,0.327936873,0.331306109,0.00890056786,0.00634743232,0.0376179804,0.04255908,0.00141527564,-0.00471249869,0.333354515,0.34011771,0.000623756963,-0.00366920275,-0.0475214379,-0.0520234345,-0.00347217207,0.000864813488,-0.324661708,-0.323116849
-1.86546219e-06,5.9084119e-07,1.03014035e-05,9.88744506e-13,-2.20252537e-07,1.27643894e-05,-2.92222303e-10,-1.2933488e-06,-5.41739508e-11,-2.08182118e-13,4.14491564e-15,-2.95448024e-09,0.000326881044,4.84239083e-12,-3.2040538e-05,6.1308246e-16,-2.7447292e-08,3.99639494e-07,-1.89890693e-05,-5.23616537e-13,1.15994988e-06,2.63646701e-10,-1.93738131e-09,-2.71281473e-06,-0.000731604428,-7.34945924e-11,4.77182088e-15,-0.000231558055,-3.15662792e-09,1.02558896e-06,-8.39407188e-16,-3.21632e-318
3.79259312e-16,-3.61391673e-08,1.64817371e-05,-1.28576579e-13,1.37622169e-13,-1.03563108e-06,-1.96382716e-12,-6.85708578e-09,2.4248921e-10,6.81951245e-06,-4.54446895e-09,1.75886906e-15,-4.24663483e-15,8.88242031e-14,2.00721693e-16,8.28818286e-13,3.06941146e-05,-3.49192491e-06,0.000561933112,1.07964955e-05,2.02968222e-08,1.63735358e-05,4.82058098e-07,-1.73417596e-13,2.02785958e-07,2.18283845e-05,2.75865958e-11,5.26319608e-11,1.73328668e-11,1.72960687e-14,-0.000245865186,1.85440641e-07
0.000945839323,0.00824732927,-0.00892668337,-0.0059687335,-0.00576433569,-0.00335861123,-0.00796591668,0.00160500814,-0.410107092,-0.0163877279,0.422587285,0.0369893535,0.418048101,0.0197661973,-0.43961805,-0.0352734808,-0.00241912158,-0.00743680289,-0.00853031137,-0.0120985408,-0.0107482084,0.00220425573,0.0135483347,0.00659679394,0.390213813,0.000261732478,-0.383660297,0.00602119835,-0.396610248,0.00806518018,0.39226638,-0.00969733161
1.28940526e-14,1.96372982e-11,-1.11078605e-07,1.10942668e-05,2.27664275e-16,6.50269284e-10,0.00020599183,-1.40229072e-14,-2.96710646e-13,-1.12706264e-12,-1.77787313e-13,-1.03153843e-09,-1.07033428e-06,4.86216641e-07,3.10627005e-05,2.16126236e-11,-2.18478839e-16,-9.76632353e-08,6.99164817e-10,-8.18009617e-11,-1.90493356e-06,-2.76824602e-07,-0.000393525394,-1.50734391e-06,-2.81124245e-11,1.38925277e-15,-6.04183404e-08,1.25701198e-14,6.69598203e-11,-3.89281302e-12,-1.32966761e-08,3.47134732e-10
-4.24160028e-15,-2.72363638e-08,1.56184509e-10,3.78190842e-07,-1.84503315e-12,-2.844776e-318,-3.76975822e-14,-1.41465e-318,1.02483698e-06,1.42124952e-13,2.82759286e-14,7.06853917e-07,1.06545862e-12,0.000184493292,3.42918525e-11,-2.55210929e-10,-2.16283932e-16,-3.0294916e-12,-1.80111874e-07,-8.67830912e-14,-1.42546956e-11,3.27915161e-05,3.61447313e-08,-1.97915015e-15,-1.31065623e-06,-3.26647e-318,5.91989112e-05,-8.84685204e-15,3.80917442e-09,-7.85597356e-09,-1.0190566e-10,-2.08633434e-10
0.242397194,-0.244136582,-0.00843075003,0.00194683949,-0.230342993,0.23294769,-0.0062784218,0.0116894124,0.228686094,-0.22865426,0.00786827791,-0.000132027084,-0.235693799,0.220525439,-0.00892009699,0.00225432115,0.241434033,-0.252657504,-0.012944914,-0.00898422088,-0.23304557,0.243868795,0.00312932523,0.0132064672,0.237108168,-0.235403065,-0.000735529917,-0.000252247491,-0.236630982,0.233848936,-0.0124658081,0.000526371593
-0.00791075539,0.0107607208,-0.00475915529,-0.00699677008,-0.0166788122,0.00854196498,-0.00353731231,0.00644565211,0.0165493347,0.00438277741,0.0170856435,-0.00561548452,0.00320065684,-0.0084747866,-0.00595394941,-0.0171419162,0.0198574868,-0.0120019062,-0.00165980723,0.000282026892,0.342536871,-0.353649914,-0.324387887,0.344773571,-0.0180832007,0.00777683975,-0.00667433215,-0.00631709557,-0.365306797,0.356917659,0.324012762,-0.336029029
0.00116101801,-0.397619918,-0.00708249225,0.403681451,0.000871472559,0.3938922,-0.00314804588,-0.403069727,-0.00872759538,-0.402242444,-0.00114228624,0.407265665,0.000431959535,0.398560628,-0.0119996957,-0.407013335,-0.0154841231,-0.000631572347,-0.00337169763,-0.000143489187,-0.00606353227,0.0014389071,0.00124458662,0.000881998562,0.00744533453,0.0116827795,0.00569985225,0.00284751043,-0.00226901329,-0.00284926099,-0.00252752879,-0.00377120785
5.82130445e-15,5.46616248e-14,4.10364654e-09,1.05893587e-12,-1.75268379e-07,9.11347888e-11,1.57990723e-09,2.36488683e-15,-3.45648862e-15,8.65094e-319,2.49522032e-11,1.83301896e-14,-4.2132384e-08,-4.01302361e-06,-1.25285667e-07,3.70697873e-13,2.01985363e-11,-2.55660895e-11,2.14667321e-12,-6.87477897e-12,4.4416e-319,2.65145852e-15,4.86040201e-14,2.9756327e-15,-3.19148264e-06,7.43510553e-06,2.89713797e-05,7.31926208e-08,-1.1406315e-07,5.5808375e-06,1.45063165e-13,-6.39062309e-15
0.0011069,0.2532477,0.01595108,-0.24931517,0.00252184,-0.31913762,0.00632895,0.32489461,-0.01282182,0.25572147,0.0112352,-0.24554297,-0.0075816,-0.3278381,0.01408079,0.31541707,0.01433233,-0.25633785,-0.00240788,0.23605299,0.01798808,0.3279845,-0.00087002,-0.33146063,0.01177034,-0.25487588,-0.01507879,0.2469957,0.00968492,0.33740043,-0.01666446,-0.3310561
0.03622142,0.01862497,0.019243,0.0512025,0.02596995,0.08974197,-0.0140547,0.03186227,0.06161829,-0.02928622,-0.05576655,-0.00407329,0.07108049,0.04889034,0.13323591,0.17044402,0.11740097,0.07462247,0.05831102,0.09940953,0.03795485,0.01552135,-0.0718822,-0.04518079,0.07382772,-0.01822976,0.02607877,0.05062261,-0.01164202,-0.00687873,0.05505031,0.03995215
0.00249299571,0.0029104102,0.00587666362,-0.000702190002,0.00244770189,-0.0199812064,0.0123294343,0.00295677276,0.000206186418,-0.00883669543,0.00970113802,-0.00377620109,-0.403792303,0.404146251,0.399550218,-0.424519965,-0.0157857128,0.000606947992,-0.00942240695,-0.00501999212,-0.00127423785,0.00727894717,-0.00388848863,0.00779256912,0.00354635715,0.010684196,0.00232846575,0.00576922011,0.411116013,-0.395799147,-0.410320009,0.410506322
-0.00399484906,0.00478578895,0.000362594056,-0.00694794453,0.000902871161,-0.00499146232,0.00199170096,-0.00424422897,-0.00194806797,-0.00112969092,0.396493765,-0.398142307,-0.00177448874,0.00548417467,-0.399263282,0.393830983,0.00154862844,-0.00423999744,-0.00386630351,-0.00497733224,-0.00889031957,-0.00243676635,0.00660507479,-0.000131344272,0.0141754757,-0.00492886697,-0.393164131,0.388800997,-0.00773136284,-0.000516904226,0.385566041,-0.398000127
0.03711578,0.01907311,0.01979387,0.0523426,0.02669265,0.09173326,-0.01421464,0.03270678,0.06298842,-0.02978388,-0.05674724,-0.0040091,0.07266054,0.0499892,0.13611352,0.17415081,0.1200049,0.07635892,0.05968238,0.10161061,0.03887752,0.01589985,-0.07325975,-0.04602659,0.07551211,-0.01852251,0.02674678,0.05182245,-0.01178866,-0.00687611,0.05630495,0.04090794
-0.26977181,0.28063131,0.2875351,-0.28967884,-0.01509459,0.01004385,0.02124461,-0.03245174,0.00084567,-0.00299243,0.00348778,-0.00876215,-0.00863078,-0.00113144,0.01538909,-0.00072319,0.2719486,-0.27170357,-0.28238422,0.27274981,0.00891065,-0.01075502,-0.00761645,0.0106085,-0.01320745,0.00212977,-0.01042019,0.00819586,0.00243037,0.0146482,0.00944496,0.00840565
5.71796391e-14,-4.46260125e-13,-4.71217067e-09,-6.70141976e-12,-2.157074e-16,-2.5095389e-09,1.38859487e-13,-5.56673837e-17,-1.71719205e-05,3.55491111e-15,6.90517933e-13,-1.27811515e-15,1.15060716e-06,1.28911239e-14,-2.86791072e-08,-3.08438064e-12,3.48261311e-14,-4.00886901e-05,3.0671436e-11,1.05135479e-11,4.87537312e-15,1.91874121e-14,2.03376134e-06,1.37271778e-12,-4.61190254e-06,8.09882755e-17,-1.0082093e-14,-4.63266491e-13,3.65973218e-11,-8.97511316e-15,-8.1407396e-12,1.98611335e-06
0.00356166,-0.00663996,0.00102035,-0.0059717,-0.00549917,-0.00694667,-0.40299528,0.42599319,-0.00908618,0.002846,0.00603991,0.00367707,0.01238552,-0.00364609,0.40918946,-0.43043871,-0.00466437,-0.00344806,0.00109622,-0.00141086,0.013234,-0.00129997,0.41031475,-0.40879104,-0.00339459,-0.00054733,0.00429011,0.00518839,-0.00462438,-0.00134575,-0.4116748,0.41562052
-1.71259016e-09,-1.98176113e-06,-2.02132079e-14,0.000397259308,-1.80511625e-06,-4.42987135e-07,1.31630935e-06,-1.84540282e-15,-3.79212713e-16,1.23927268e-10,1.41381896e-13,1.23400409e-09,3.74335942e-05,-9.36132443e-06,-2.03727885e-15,3.15497233e-06,1.04749162e-13,-7.97519148e-10,-1.85141416e-06,8.44288034e-15,-4.51857639e-11,2.79386649e-14,-4.81931131e-15,2.90146781e-07,-2.84536526e-06,6.79958861e-05,1.35258667e-13,-2.08732089e-15,1.64757223e-08,-1.83220734e-13,-1.44891465e-06,4.97273327e-14
1.69972757e-10,2.52826083e-13,-7.19371486e-15,7.86770997e-06,6.4153997e-14,0.000537139843,-1.09366911e-11,-1.53617284e-12,-2.46497042e-07,1.04565149e-13,-1.12965013e-14,1.71070307e-07,6.74196931e-06,-1.76808867e-11,2.28229315e-07,2.79511319e-05,3.41455542e-07,3.61590127e-15,1.26059197e-14,-9.69505469e-13,-1.58405632e-06,-3.46934875e-11,6.62886858e-13,8.32201685e-06,1.89040894e-11,1.60258308e-08,-5.13224635e-10,-1.21492511e-12,5.32564178e-12,1.46636494e-11,5.56104705e-07,1.49785105e-13
-0.00107391,-0.00250454,-0.00065452,-0.00031247,-0.00090726,-0.00157426,0.00056101,-0.00126357,-0.00190438,-0.0016167,-0.0011422,-0.00173169,-0.00090905,-0.00063349,-0.00077892,0.00066762,-0.00143437,-0.00103465,-0.00124226,-0.0005148,-0.00100801,-0.00105536,-0.00103455,-0.00091654,-0.00232049,-0.00173236,-0.0010107,-0.00092098,-0.00072105,-0.0010024,-0.001189,-0.00046753
-0.15116846,0.17909409,0.16689337,-0.16876141,0.17248679,-0.16724128,-0.15897086,0.16297591,-0.02357726,-0.00244711,0.00120471,0.0010077,-0.00397368,0.00136018,0.00058525,0.00129529,0.17444876,-0.179526,-0.17111756,0.14518151,-0.16168466,0.16213964,0.17355556,-0.16713373,0.01065734,-0.00504333,0.000979,0.00734199,-0.00049322,0.02102473,0.01046088,0.01128809
-0.26730822,-0.26254443,0.27359939,0.28043931,-0.27743149,-0.28580095,0.28561692,0.29193003,0.00092156,0.00101209,0.0060362,0.00044153,-0.00867707,0.00129072,-0.00770286,-0.01748002,0.26220872,0.25616186,-0.28144317,-0.29300403,0.27158558,0.27465285,-0.27959599,-0.29735669,0.00696143,0.0029169,-0.00807127,-0.0023573,0.01309036,0.01290675,-0.02131133,-0.00782434
1.339254e-318,5.45516683e-13,1.27575882e-07,-1.1910135e-07,3.8018019e-05,-7.45613631e-06,-2.11068576e-16,3.46795369e-07,2.40107119e-14,-9.77993077e-06,1.89972254e-13,-4.47665573e-08,-2.11936243e-15,1.36689488e-14,-2.55198025e-12,4.64032189e-10,1.55098311e-07,-9.02237116e-08,-3.93724409e-15,-8.67089332e-09,-4.22654437e-05,-1.89362413e-14,5.05569586e-08,-2.920466e-318,-1.00419149e-05,4.53803652e-11,4.89783727e-10,9.87837234e-14,-5.98595179e-06,1.91238557e-13,-8.17425379e-07,-4.97830632e-11
-1.884613e-318,1.6611467e-06,-2.30275915e-15,1.78594362e-15,-1.27808204e-05,-2.17669878e-12,3.73329268e-09,1.80704724e-07,7.09675003e-05,-3.81148456e-12,0.000464617666,1.33908403e-13,1.87492e-318,-3.13694318e-15,1.13584424e-10,-0.000220921054,2.53240572e-07,-3.27664157e-11,3.19848261e-11,-6.35120323e-08,-1.87193324e-15,-2.38851743e-09,-1.53480726e-15,4.57574e-319,2.41925129e-15,-5.21004715e-06,1.79636584e-10,1.63576363e-14,-2.23616671e-12,-3.41087536e-15,4.48148741e-08,-2.22835808e-15
-0.00142667,0.00173195,0.08236418,0.07790418,0.00446948,-0.00493983,-0.09179477,-0.0893082,-0.00162798,0.00598029,-0.08050949,-0.08581099,0.00146229,0.00600966,0.0875177,0.08061632,-0.00154612,0.00096877,0.4707509,0.46684049,0.00158291,-0.00548903,-0.47227237,-0.46104126,0.0010187,0.00270872,-0.46640386,-0.46071319,0.00379764,0.00142616,0.45398159,0.45981237
-1.46617366e-13,-1.17651789e-14,0.000639865612,4.16495008e-12,4.75972403e-14,-2.97007494e-06,-1.53434642e-05,-4.04287502e-15,-3.55528261e-09,-1.08708423e-11,1.99888138e-07,3.22961418e-15,-1.0096698e-06,1.2864007e-15,-6.56011321e-10,-8.35833116e-14,1.94714324e-11,-9.10120637e-14,-1.39029155e-10,1.14454892e-12,3.04246536e-15,1.43722042e-08,-1.16950384e-08,4.26849482e-08,9.0258597e-10,-2.9231257e-11,-9.18726525e-06,1.52881858e-13,1.1738698e-07,-2.66648871e-10,8.66992737e-06,-1.88086615e-05
-7.53626099e-16,-3.87381507e-10,3.93859813e-14,5.15721139e-14,1.48563e-318,-1.80479491e-15,0.000321573025,5.07166168e-14,1.44396865e-14,-9.87090974e-05,7.9402464e-13,-1.22338242e-09,4.00987085e-13,-9.4221531e-09,-7.3825794e-11,1.81850117e-10,3.91401778e-06,-3.38854e-318,2.49160005e-14,-8.44683153e-11,8.94939193e-14,-1.57629789e-11,2.86513935e-06,2.24373403e-12,-7.46610636e-13,7.62734351e-09,8.36493157e-05,-1.42087845e-14,-8.45628841e-12,-3.93338337e-10,-3.95089823e-11,7.74388917e-05
-1.85537416e-315,-1.57927054e-315,-4.20546819e-315,2.59928848e-315,4.01435764e-315,-3.14212182e-315,-1.60004819e-315,1.5695e-318,-1.59861662e-315,-5.57415953e-316,2.00413791e-315,-1.40766638e-315,-4.04557317e-315,-2.53097e-317,-2.82767929e-315,2.28327707e-315,-2.15900625e-315,3.1371808e-315,-2.67009468e-315,5.47225375e-316,-2.40186838e-315,-4.79483826e-315,7.5641999e-316,-3.74917497e-315,1.84036601e-315,1.58653906e-315,-1.96999292e-315,-2.5748079e-316,7.78556836e-316,-8.2125837e-316,-2.03600431e-315,-7.15480939e-315
0.02819506,0.01463099,0.01430007,0.04099867,0.01949789,0.07190313,-0.0126458,0.02426156,0.04937486,-0.02482703,-0.04698385,-0.00462809,0.05690785,0.03906377,0.10747294,0.13725777,0.09411054,0.05905351,0.04604155,0.07972152,0.02969557,0.0121168,-0.05952951,-0.03763321,0.05870451,-0.0156137,0.02009591,0.03988875,-0.01033896,-0.00693034,0.04380657,0.03137441
-0.10370708,-0.05691075,-0.04385194,-0.18178554,-0.0768171,-0.14999174,-0.19189293,-0.13221233,-0.06075308,-0.21304061,-0.17200373,-0.08525793,-0.11817139,-0.09263066,-0.08019731,0.22145695,-0.03769011,-0.19476341,-0.17941909,-0.04120192,-0.17701981,-0.05877392,-0.07110309,0.21603567,-0.17693917,-0.05907655,-0.05003089,0.24862977,-0.03376771,0.17695951,0.21117547,-0.89186681
0.0108382584,-0.00774046373,-0.000291532507,0.00111223983,0.00400480708,-0.00425424361,0.0035785799,-0.000752170501,-0.00507904744,-0.00345811766,0.0056075799,0.00409189547,0.000509017142,-0.00993593652,-0.00943232064,-0.00174966081,0.293774895,-0.304640392,-0.304961363,0.297280373,-0.295894781,0.301354253,0.303779288,-0.30080913,-0.294392593,0.29753694,0.305898596,-0.303851105,0.294680039,-0.302381236,-0.299078574,0.308016934
-0.00974332579,-0.00633998394,-0.0618832427,-0.0661927074,0.00386055176,-0.00257932076,0.0732621579,0.0729321918,-0.00021499533,0.0112832032,-0.482256813,-0.494467502,-0.00823578465,-0.00110615917,0.505661921,0.500131481,-0.00812292202,-0.00571391007,0.0650154136,0.0617157176,-0.000506375775,-0.00476104205,-0.0738976192,-0.0730709301,-0.013238875,-0.00356102932,0.48980858,0.489399027,-0.00258924597,0.00842681049,-0.504598363,-0.502937913
0.00309444155,0.000899370694,0.00190197769,-0.000193117937,-0.00579123351,-0.00891140918,-0.00477742592,0.000942109675,0.300815321,-0.303122269,-0.305893525,0.313538854,0.299883822,-0.305223228,-0.319397657,0.297711282,-0.0117421267,0.00308675968,0.00126376499,-0.00530163803,-0.0031695075,-0.00116796524,0.00120620626,0.00385757693,0.307591301,-0.296970503,-0.306564009,0.307836306,0.300364376,-0.307049995,-0.317058956,0.2983288
7.00822834e-87,-4.10618224e-87,8.51451041e-87,-5.33578327e-87,-5.95043798e-88,-9.51652108e-88,2.88745477e-87,-2.65073823e-87,2.73168631e-87,-8.19079839e-88,4.82578618e-87,-1.30932367e-88,7.91725992e-87,3.90574493e-87,2.96151268e-87,3.18022939e-87,1.74506844e-87,-4.16072453e-88,-6.89456539e-87,-2.92961863e-87,3.26837228e-88,3.87728655e-87,-3.3934306e-87,-3.64018584e-87,-9.7233008e-88,-4.32632502e-88,2.33815305e-87,5.25665513e-87,-6.7142489e-87,-6.51573292e-87,-4.07992134e-87,-3.67393877e-88
0.00087099,0.00390543,-0.27847052,0.29720496,0.00586973,-0.01168868,0.27450582,-0.29292541,-0.0016597,-0.00106649,-0.27988041,0.30365709,0.00142425,-0.01203269,0.27082762,-0.31730218,-0.00947484,-0.00271874,-0.27340957,0.29909722,-0.00701747,-0.01050323,0.27459759,-0.29587823,0.00951317,0.00242559,-0.2706147,0.28992999,-0.00661313,-0.01188222,0.27290625,-0.29971006
0.338915144,-0.0181206499,-0.35847497,0.00476263022,-0.371098103,-0.00316919811,0.381429886,0.0133124002,-0.000841750187,0.0119586631,0.0111862165,-0.00125656957,0.000367262317,-0.012203267,-0.00836284644,-0.035586108,-0.379623841,-0.00249872548,0.372775016,0.00467227095,0.388629627,0.0128335815,-0.384629926,-0.00874154121,0.00102131012,0.0177537114,-0.00313821007,-0.0045516841,0.00973266364,-0.00822110195,-0.0299364743,-0.0367839718
-0.302201317,0.300061045,0.305323421,-0.308757384,-0.00251310491,0.000547605111,0.00622543611,-0.0235277222,0.287221312,-0.298881505,-0.30556401,0.305357123,0.00140282222,0.00557490364,0.00124168555,0.0096182744,-0.00814554627,0.00761447364,0.000166450236,-0.011801029,0.00691836521,0.00108020533,0.0176312268,0.00846232111,-0.00939025292,0.0166896307,-0.00492728175,-0.00586444111,-0.0016804953,0.00652680407,0.0150345299,0.00471142369
-8.90902713e-09,9.10387142e-08,-1.93459298e-15,0.000167924553,-1.89981294e-14,9.14579707e-11,4.24387008e-12,-0.000237114638,5.90910068e-13,8.54338732e-10,-5.0349944e-07,-4.81895917e-13,5.84516599e-11,-1.24662164e-14,2.02171113e-08,-8.90016721e-12,-2.69162831e-06,0.000297403831,1.86244778e-09,-3.58014301e-14,-1.32579567e-11,-6.36190917e-12,-0.000231769043,8.08843256e-15,1.3425577e-05,-2.95966332e-12,1.12842563e-05,-8.52317963e-06,4.54915611e-08,1.87782882e-14,7.29551076e-06,-8.5563883e-14
0.02455333,0.01283984,0.01206741,0.03640374,0.01657905,0.06386215,-0.01202811,0.02079257,0.04385094,-0.02281052,-0.04301582,-0.0048568,0.05049323,0.03461787,0.09583279,0.12226348,0.08361939,0.05202897,0.04052895,0.07085195,0.0259747,0.01055907,-0.05392519,-0.03424648,0.05184702,-0.01443654,0.01738788,0.03505227,-0.00975274,-0.00698015,0.03871693,0.02750567
4.4730684e-09,-1.534197e-318,6.65102544e-09,2.10420909e-05,3.40800676e-08,-0.00030808101,-1.62503946e-16,1.521826e-318,-5.76511482e-05,2.13468386e-05,1.73435305e-15,-5.20918453e-05,-3.05304079e-10,-2.38501e-318,-3.45402061e-11,4.18473346e-06,1.42241174e-05,-2.93721891e-08,1.10299471e-08,4.32430731e-09,-1.09417238e-06,1.80881188e-08,3.81125885e-13,-7.72951466e-11,4.68854285e-14,1.08280651e-11,-6.81682075e-14,5.23045759e-07,1.91787396e-14,1.66809248e-05,4.26144718e-11,2.67543994e-14
4.85925899e-13,2.91647119e-13,-1.63494284e-05,-5.72033768e-05,-1.07458683e-07,1.26278025e-05,-3.54419454e-13,1.34417057e-12,0.000289794473,1.67187351e-08,-5.93552821e-07,-2.2125138e-14,0.000483411923,-1.94941435e-14,-0.000607296783,0.00024944282,4.88685096e-15,-4.56320051e-11,-1.06967263e-12,-8.68374837e-09,4.40432983e-08,6.73252037e-14,-1.0287266e-10,1.59799413e-05,3.63192803e-11,1.2887929e-14,2.43723616e-10,-0.00045241383,5.87491115e-10,-3.39271297e-05,-4.16108166e-05,-6.02079115e-06
0.0390195,0.02002972,0.02097266,0.05478444,0.02823524,0.09599284,-0.0145613,0.03450135,0.06590437,-0.03084356,-0.05884086,-0.00386451,0.0760343,0.05232045,0.14224981,0.18205086,0.12557068,0.08007526,0.06262318,0.10631186,0.04085362,0.01670105,-0.0761859,-0.04783317,0.07910875,-0.01914504,0.02817422,0.05438308,-0.01210413,-0.0068772,0.05897621,0.04296166
0.00291056,0.00256416,0.47124512,-0.44722093,-0.00168372,-0.00312197,0.01146121,-0.00982199,-0.00263395,-0.00056423,-0.47065886,0.45132671,-0.00609032,-0.00539741,-0.01235074,-0.0017535,-0.02688923,-0.00413671,-0.47909478,0.44086637,-0.00231048,0.00329241,0.00487438,-0.00262249,0.00786606,0.01113469,0.46824163,-0.4581457,0.01505586,0.00592385,0.00132524,-0.00543385
0.0027648,0.00270532,-0.0139931,0.00544895,0.26372798,-0.25474645,-0.32610859,0.32384968,-0.00199964,0.00681246,-0.00683522,0.01539191,0.26090701,-0.25566567,-0.32343103,0.31347838,0.00634822,-0.00560278,-0.0005481,-0.00664611,-0.24775154,0.25101882,0.31857462,-0.31581133,0.00542834,-0.00757716,-0.00206468,-0.01092142,-0.25645086,0.25744726,0.32128963,-0.32307101
1.00316981e-13,4.78792357e-07,9.79270761e-06,3.90145115e-15,-8.39499082e-07,1.72414264e-06,-1.32602067e-14,5.59032504e-06,-8.64507751e-13,-2.559295e-318,-8.62063877e-08,-6.14898712e-05,2.15473558e-15,-2.85235e-318,-1.87663487e-11,7.16688542e-11,4.09362046e-14,0.00046387689,3.41748e-318,-1.90537929e-06,-6.48742277e-15,4.30291336e-13,2.76854857e-16,3.34684854e-06,4.30122231e-08,-1.23284498e-13,1.57084641e-12,1.75119532e-08,3.49786829e-07,4.7275164e-13,-2.1281578e-06,2.84365996e-15
6.41623968e-15,-3.39016665e-05,-1.24456836e-08,1.62900688e-10,-1.623392e-09,-1.1748389e-08,6.651206e-12,2.99660993e-07,4.84875669e-12,-6.32848557e-09,4.07732743e-14,-6.77549379e-09,-2.75698e-318,1.9936e-319,4.26551298e-06,-9.47412286e-11,-1.678992e-08,1.2499544e-13,-1.48153649e-07,-0.000319267337,-3.9998301e-17,4.61962431e-11,-1.77163e-318,-6.23633781e-14,-9.0433026e-15,7.18557347e-06,1.80282147e-11,-1.09412595e-15,1.68517755e-09,8.90349363e-05,3.48050177e-05,-1.66515583e-09
-0.00321491761,0.0460542362,-0.000699285053,0.0432213997,-0.00149313009,-0.0520007859,-0.00247983288,-0.0544792615,-0.00163693405,-0.052144152,0.0017379485,-0.0495598416,0.00286674642,0.0559080931,0.00553302324,0.0532360087,-0.00631554477,0.401106839,0.000195245056,0.395218851,0.00465599668,-0.398632787,0.0063879267,-0.393648798,-0.00460862224,-0.392492607,-0.00199232555,-0.398854348,0.00193796165,0.392410067,0.00499373697,0.388290854
0.0082049,0.00181097,-0.00985145,-0.00491906,-0.29834164,-0.30401911,-0.30749066,-0.30838612,0.01028343,-0.00265418,0.00126885,-0.00250361,0.25240918,0.25611279,0.24281695,0.24812915,-0.0017,-0.0089395,-0.0081318,-0.01240894,0.3011233,0.3036521,0.32370493,0.31479015,-0.00628117,0.00092071,-0.00918001,-0.00917164,-0.24151112,-0.23770863,-0.24148788,-0.24263108
